-- phpMyAdmin SQL Dump
-- version 4.9.0.1
-- https://www.phpmyadmin.net/
--
-- Host: 127.0.0.1
-- Generation Time: Oct 21, 2020 at 01:58 PM
-- Server version: 10.4.6-MariaDB
-- PHP Version: 7.3.9

SET SQL_MODE = "NO_AUTO_VALUE_ON_ZERO";
SET AUTOCOMMIT = 0;
START TRANSACTION;
SET time_zone = "+00:00";


/*!40101 SET @OLD_CHARACTER_SET_CLIENT=@@CHARACTER_SET_CLIENT */;
/*!40101 SET @OLD_CHARACTER_SET_RESULTS=@@CHARACTER_SET_RESULTS */;
/*!40101 SET @OLD_COLLATION_CONNECTION=@@COLLATION_CONNECTION */;
/*!40101 SET NAMES utf8mb4 */;

--
-- Database: `eltalhy_php7`
--

-- --------------------------------------------------------

--
-- Table structure for table `abouts`
--

CREATE TABLE `abouts` (
  `id` int(10) UNSIGNED NOT NULL,
  `title` varchar(255) COLLATE utf8mb4_unicode_ci NOT NULL,
  `description` text COLLATE utf8mb4_unicode_ci NOT NULL,
  `photo_path` varchar(255) COLLATE utf8mb4_unicode_ci NOT NULL,
  `created_at` timestamp NULL DEFAULT NULL,
  `updated_at` timestamp NULL DEFAULT NULL
) ENGINE=InnoDB DEFAULT CHARSET=utf8mb4 COLLATE=utf8mb4_unicode_ci;

--
-- Dumping data for table `abouts`
--

INSERT INTO `abouts` (`id`, `title`, `description`, `photo_path`, `created_at`, `updated_at`) VALUES
(1, 'short_summery', 'عُرِف الشيخ أحمد الطلحي بتأليف الكثير من الكتب والمشاركة في العديد من المحاضرات والمناظرات والمؤتمرات على الصعيدين المحلي والدولي، كما اشتُهر بتنشيط عدد من البرامج التلفزيونية على القنوات الفضائية العربية لعل أبرزها برنامجه الناجح \"تبسَّم\".', 'uploads/about\\1492467281_about_sec.jpg', '2017-04-17 20:14:41', '2017-04-17 20:17:29'),
(3, 'summery', '<section class=\"about-page pages-body\">\r\n<div class=\"container\">\r\n<div class=\"row\">\r\n<div class=\"col-md-12\">\r\n<div class=\"info\">\r\n<h2 class=\"text-center\">تَرجَمَةٌ</h2>\r\n\r\n<div class=\"intro text-center\">\r\n<p>عن الداعية الإسلامي السيّد أحمد الطلحي حفظه الله</p>\r\n\r\n<div class=\"intro-img-profile\"><img src=\"img/profile-intro.jpg\"></div>\r\n\r\n<p>الحمد لله رب العالمين والصلاة والسلام على فخر الأنبياء و أرحم المرسلين</p>\r\n\r\n<p>سيّدنا محمّد وعلى آله وصحبه أجمعين...</p>\r\n\r\n<p>ترجمةُ مختصرة</p>\r\n\r\n<p>عن الداعي إلى الله الداعية الإسلامي</p>\r\n\r\n<p>(السيّد أحمد الطلحي حفظه الله )</p>\r\n</div>\r\n\r\n<div class=\"panel-group\" id=\"accordion\">\r\n<div class=\"panel panel-default\">\r\n<div class=\"panel-heading hvr-bounce-to-left\" id=\"headingOne\">\r\n<h4 class=\"panel-title\"><a aria-expanded=\"false\" class=\"collapsed\" data-parent=\"#accordion\" data-toggle=\"collapse\" href=\"#collapseOne\">النســـــب </a></h4>\r\n</div>\r\n\r\n<div aria-expanded=\"false\" class=\"panel-collapse collapse\" id=\"collapseOne\" style=\"height: 0px;\">\r\n<div class=\"panel-body\">\r\n<p>هو السيّد: &nbsp;أحمد ابن فوزي بن خليفة الطلحي يرجع نسبه للإمام الحسن المثنى بن الإمام الحسن السبط بن أمير المؤمنين علي بن أبي طالب والسيّدة فاطمة الزهراء <span style=\"color: #000080;\">ψ</span> بنت سيّدنا محمّد خاتم النبيين <span style=\"color: #333399;\">????</span>.</p>\r\n</div>\r\n</div>\r\n</div>\r\n\r\n<div class=\"panel panel-default\">\r\n<div class=\"panel-heading hvr-bounce-to-left\" id=\"headingTwo\">\r\n<h4 class=\"panel-title\"><a aria-expanded=\"false\" class=\"collapsed\" data-parent=\"#accordion\" data-toggle=\"collapse\" href=\"#collapseTwo\">المولد </a></h4>\r\n</div>\r\n\r\n<div aria-expanded=\"false\" class=\"panel-collapse collapse\" id=\"collapseTwo\" style=\"height: 0px;\">\r\n<div class=\"panel-body\">\r\n<p>ولد من والديــن شريفين من ذرية الإمام الحســن بن علي بن أبي طالب <span style=\"color: #000080;\">ψ</span> ، قبيل فجر يوم الإثنين العاشر من شوال عام 1405هـ&nbsp; /&nbsp; 29 يونيـــو 1985م، بالجبل الأخضر بمدينة البيضاء إحدى مدن شرق ليبيا، بجوار ضريح الصحابي الجليل سيّدنا رويفع بن ثابت الأنصاري &nbsp;<span style=\"color: #000080;\">????</span>.</p>\r\n</div>\r\n</div>\r\n</div>\r\n\r\n<div class=\"panel panel-default\">\r\n<div class=\"panel-heading hvr-bounce-to-left\" id=\"headingThree\">\r\n<h4 class=\"panel-title\"><a aria-expanded=\"false\" class=\"collapsed\" data-parent=\"#accordion\" data-toggle=\"collapse\" href=\"#collapseThree\">تكوينه </a></h4>\r\n</div>\r\n\r\n<div aria-expanded=\"false\" class=\"panel-collapse collapse\" id=\"collapseThree\" style=\"height: 0px;\">\r\n<div class=\"panel-body\">مالكي المذهب ، أشعري العقيدة ، جنيدي المسلك .</div>\r\n</div>\r\n</div>\r\n\r\n\r\n\r\n<div class=\"panel panel-default\">\r\n<div class=\"panel-heading hvr-bounce-to-left\" id=\"headingFive\">\r\n<h4 class=\"panel-title\"><a aria-expanded=\"false\" class=\"collapsed\" data-parent=\"#accordion\" data-toggle=\"collapse\" href=\"#collapseFive\">المسيرة العلمية الدعوية </a></h4>\r\n</div>\r\n\r\n<div aria-expanded=\"false\" class=\"panel-collapse collapse\" id=\"collapseFive\">\r\n<div class=\"panel-body\">\r\n<p>عيّن إمام وخطيب ومحفظ بجامع سيّدنا الزبير بن العوام – البيضاء - &nbsp;ليبيا .</p>\r\n\r\n<p>ثم إمام وخطيب وواعظ ومحفظ بجامع النور - بنغازي -&nbsp; ليبيا .</p>\r\n\r\n<p>مأذون شرعي بمحكمة الحزام الأخضر الشرعية - &nbsp;بنغازي .</p>\r\n\r\n<p>مدير مركز النور لتحفيظ القرآن الكريم وتدريس العلوم الشرعية &nbsp;- بنغازي - ليبيا</p>\r\n\r\n<p>محاضر زائر بدوائر الأوقاف ومساجد ليبيا .</p>\r\n\r\n<p>واعظ بمجموعة من المؤسسات الإصلاحية .</p>\r\n\r\n<p>رئيس مهرجان جوائز المحبة &nbsp;في ليبيا .</p>\r\n\r\n<p>رئيس مهرجان المحبة الإنشادي في &nbsp;ليبيا .</p>\r\n\r\n<p>رئيس اللجنة التحضيرية لمجلس الدعوة والإرشاد في ليبيا .</p>\r\n\r\n<p>عضو مؤسس لمجلس الدعوة والإرشاد في ليبيا .</p>\r\n\r\n<p>عضو رابطة العمل الإسلامي ليبيا .</p>\r\n\r\n<p>عضو جمعية الإمام المجدد محمّد بن علي السنوسي الإسلامية للثقافة والتراث في ليبيا .</p>\r\n\r\n<p>كما له العديد من الزيارات الدولية والعالمية في الدعوة إلي الله .</p>\r\n\r\n<p>وله أيضًا عدد من المؤلفات ك ( كتاب أساس علوم الدين ، تبسم ) وغيرها .</p>\r\n</div>\r\n</div>\r\n</div>\r\n\r\n\r\n\r\n<div class=\"panel panel-default\">\r\n<div class=\"panel-heading hvr-bounce-to-left\" id=\"headingSeven\">\r\n<h4 class=\"panel-title\"><a aria-expanded=\"false\" class=\"collapsed\" data-parent=\"#accordion\" data-toggle=\"collapse\" href=\"#collapseSeven\">الإنجازات </a></h4>\r\n</div>\r\n\r\n<div aria-expanded=\"false\" class=\"panel-collapse collapse\" id=\"collapseSeven\">\r\n<div class=\"panel-body\">\r\n<p>أسس مجلس الدعوة والإرشاد في ليبيا</p>\r\n\r\n<p>أسس مركز النور لتحفيظ القرآن الكريم وتدريس العلوم الشرعية في ليبيا .</p>\r\n\r\n<p>أسس مهرجان المحبة الإنشادي في ليبيا .</p>\r\n\r\n<p>أسس مهرجان جوائز المحبة في ليبيا .</p>\r\n\r\n<p>&nbsp;</p>\r\n\r\n<p>النشاط الاعلامي :</p>\r\n\r\n<p>البرامج :</p>\r\n\r\n<p>برنامج تبسم 30 حلقة على قناة السلام عليك أيها النبي</p>\r\n\r\n<p>برنامج عيد الروح الموسم الاول على قناة الارث النبوي</p>\r\n\r\n<p>برنامج عيد الروح الموسم الثاني على قناة الارث النبوي</p>\r\n\r\n<p>برنامج خيمة النهار الرمضانية على شبكة تلفزيون النهار</p>\r\n\r\n<p>المقابلات :</p>\r\n\r\n<p>سلسلة عام الابتسامة 52 حلقة على قناة روتانا مصرية</p>\r\n\r\n<p>سلسلة عام البشارة 52 حلقة على قناة روتانا مصرية</p>\r\n\r\n<p>سلسلة عام الحب 52 حلقة على قناة روتانا مصرية</p>\r\n\r\n<p>سلسلة حلقات على قناة النهار برنامج النهارده</p>\r\n\r\n<p>سلسلة حلقات منوعة على قناة الناس</p>\r\n\r\n<p>و 200 حلقة منوعة على عدد من القنوات ( الحياة – أونست – dtv –cbc &nbsp;- الحدث اليوم – جروزني الشيشانية – مكس اف ام السعودية –وغيرها )</p>\r\n</div>\r\n</div>\r\n</div>\r\n\r\n<div class=\"panel panel-default\">\r\n<div class=\"panel-heading hvr-bounce-to-left\" id=\"headingEight\">\r\n<h4 class=\"panel-title\"><a aria-expanded=\"false\" class=\"collapsed\" data-parent=\"#accordion\" data-toggle=\"collapse\" href=\"#collapseEight\">الأنشطة والرحلات </a></h4>\r\n</div>\r\n\r\n<div aria-expanded=\"false\" class=\"panel-collapse collapse\" id=\"collapseEight\">\r\n<div class=\"panel-body\">\r\n<p>أقام دروساً ومجالس للتعليم والإرشاد والتوجيه والتوعية والدعوة إلى الله في بلدان شتى استهلها عام 1427هـ / 2006م داخل مدن ليبيا وقراها النائية في الشرق والغرب والشمال والجنوب ، وفي عام 1429هـ / 2008م بدأت رحلاته الدعوية الخارجية ومازالت متواصلة وقد شملت رحلاته الخارجية البلدان الآتية :-</p>\r\n\r\n<p>البلدان العربية :&nbsp; &nbsp;(جمهورية مصر العربية – المملكة الُأردنية الهاشمية &nbsp;– جمهورية &nbsp;سوريا العربية – دولة الإمارات المتحدة – المملكة العربية السعودية –&nbsp;الجمهورية التونسية ).</p>\r\n\r\n<p>دول أسيـــــــا :&nbsp;&nbsp; &nbsp;(ماليزيا – أندونيسيا - سنغافورا ).</p>\r\n\r\n<p>دُول أوروبـــا : &nbsp;( المملكة البريطانية المتحدة – الجمهورية التركية &nbsp;- جمهورية روسيا الاتحادية – جمهورية الشيشان ).</p>\r\n</div>\r\n</div>\r\n</div>\r\n\r\n<div class=\"panel panel-default\">\r\n<div class=\"panel-heading\" id=\"headingNine\">\r\n<h4 class=\"panel-title\"><a aria-expanded=\"false\" class=\"collapsed\" data-parent=\"#accordion\" data-toggle=\"collapse\" href=\"#collapseNine\">المحاضرات الخارجية </a></h4>\r\n</div>\r\n\r\n<div aria-expanded=\"false\" class=\"panel-collapse collapse\" id=\"collapseNine\" style=\"height: 0px;\">\r\n<div class=\"panel-body\">\r\n<p>ألقى محاضرات ذات بال تتناول قضايا&nbsp; تهم المجتمع الإنساني في أنحاء العالم من أهمها</p>\r\n\r\n<p>محاضرة في جامعة كامبريج البريطانية .</p>\r\n\r\n<p>سلسلة محاضرات في المدارس الثانوية في مدينة لوتن ببريطانيا .</p>\r\n\r\n<p>كلمة بين يدي شيخه الحبيب عمر بن حفيظ في مجلس رسول الله في ميدان موناس بالعاصمة الاندونيسية جاكرتا وقد حضرها أكثر من مليون مسلم</p>\r\n\r\n<p>سلسلة محاضرات عن السير الى الله &nbsp;في المراكز الثقافية باستانبول تركيا<br>\r\nسلسلة محاضرات عن التربية النبوية في مراكز دعوية في اسكتلندا</p>\r\n\r\n<p>له عدد من الدروس والخطب والمحاضرات المسجلة على الموقع الرسمي</p>\r\n\r\n<p>www.eltalhyoffcial.com.</p>\r\n</div>\r\n</div>\r\n</div>\r\n\r\n<div class=\"panel panel-default\">\r\n<div class=\"panel-heading hvr-bounce-to-left\" id=\"headingTen\">\r\n<h4 class=\"panel-title\"><a aria-expanded=\"true\" data-parent=\"#accordion\" data-toggle=\"collapse\" href=\"#collapseTen\">شيوخه </a></h4>\r\n</div>\r\n\r\n<div aria-expanded=\"true\" class=\"panel-collapse collapse in\" id=\"collapseTen\">\r\n<div class=\"panel-body\"><!--Teachers -->\r\n<div class=\"teachers text-center\">\r\n<div class=\"row\">\r\n<div class=\"col-md-4 col-sm-6\">\r\n<div class=\"thumbnail\">\r\n<div class=\"img-teacher\"><img alt=\"العلامة الحبيب عبد القادر بن أحمد بن عبد الرحمن  السقاف \" src=\"img/t1.jpg\"></div>\r\n\r\n<div class=\"caption\">\r\n<h3>العلامة الحبيب عبد القادر بن أحمد بن عبد الرحمن السقاف</h3>\r\n</div>\r\n</div>\r\n</div>\r\n\r\n<div class=\"col-md-4 col-sm-6\">\r\n<div class=\"thumbnail\">\r\n<div class=\"img-teacher\"><img alt=\"العلامة الحبيب عمر بن محمد بن سالم بن حفيظ بن الشيخ أبوبكر بن سالم\" src=\"img/t2.jpg\"></div>\r\n\r\n<div class=\"caption\">\r\n<h3>العلامة الحبيب عمر بن محمد بن سالم بن حفيظ بن الشيخ أبوبكر بن سالم</h3>\r\n</div>\r\n</div>\r\n</div>\r\n\r\n<div class=\"col-md-4 col-sm-6\">\r\n<div class=\"thumbnail\">\r\n<div class=\"img-teacher\"><img alt=\"العلامة الدكتور على جمعة مفتي الديار المصرية \" src=\"img/t6.jpg\"></div>\r\n\r\n<div class=\"caption\">\r\n<h3>العلامة الدكتور على جمعة مفتي الديار المصرية</h3>\r\n</div>\r\n</div>\r\n</div>\r\n\r\n<div class=\"col-md-4 col-sm-6\">\r\n<div class=\"thumbnail\">\r\n<div class=\"img-teacher\"><img alt=\"الشيخ المربي : السيّد محجوب أبوفارس الصفراني \" src=\"img/t3.jpg\"></div>\r\n\r\n<div class=\"caption\">\r\n<h3>الشيخ المربي : السيّد محجوب أبوفارس الصفراني</h3>\r\n</div>\r\n</div>\r\n</div>\r\n\r\n<div class=\"col-md-4 col-sm-6\">\r\n<div class=\"thumbnail\">\r\n<div class=\"img-teacher\"><img alt=\"العلامة السيد الشيخ محمود افندي المجددي الخالدي النقشبندي \" src=\"img/t4.jpg\"></div>\r\n\r\n<div class=\"caption\">\r\n<h3>العلامة السيد الشيخ محمود افندي المجددي الخالدي النقشبندي</h3>\r\n</div>\r\n</div>\r\n</div>\r\n\r\n<div class=\"col-md-4 col-sm-6\">\r\n<div class=\"thumbnail\">\r\n<div class=\"img-teacher\"><img alt=\"العلامة الشيخ ابراهيم آل خليفة الاحسائي\" src=\"img/t7.jpg\"></div>\r\n\r\n<div class=\"caption\">\r\n<h3>العلامة الشيخ ابراهيم آل خليفة الاحسائي</h3>\r\n</div>\r\n</div>\r\n</div>\r\n\r\n<div class=\"col-md-4 col-sm-6\">\r\n<div class=\"thumbnail\">\r\n<div class=\"img-teacher\"><img alt=\"الحبيب أبوبكر بن علي العدني المشهور \" src=\"img/t8.jpg\"></div>\r\n\r\n<div class=\"caption\">\r\n<h3>الحبيب أبوبكر بن علي العدني المشهور</h3>\r\n</div>\r\n</div>\r\n</div>\r\n\r\n<div class=\"col-md-4 col-sm-6\">\r\n<div class=\"thumbnail\">\r\n<div class=\"img-teacher\"><img alt=\"الحبيب علي زين العابدين بن عبد الرحمن الجفري \" src=\"img/t5.jpg\"></div>\r\n\r\n<div class=\"caption\">\r\n<h3>الحبيب علي زين العابدين بن عبد الرحمن الجفري</h3>\r\n</div>\r\n</div>\r\n</div>\r\n\r\n<div class=\"col-md-4 col-sm-6\">\r\n<div class=\"thumbnail\">\r\n<div class=\"img-teacher\"><img alt=\"الحبيب محمد بن عبد الرحمن السقاف \" src=\"img/t9.jpg\"></div>\r\n\r\n<div class=\"caption\">\r\n<h3>الحبيب محمد بن عبد الرحمن السقاف</h3>\r\n</div>\r\n</div>\r\n</div>\r\n</div>\r\n</div>\r\n<!--//Teachers --></div>\r\n</div>\r\n</div>\r\n</div>\r\n</div>\r\n</div>\r\n</div>\r\n</div>\r\n</section>', 'uploads/about\\1492468912_slide_4.png', '2017-04-17 20:41:52', '2017-04-22 14:48:14');

-- --------------------------------------------------------

--
-- Table structure for table `album`
--

CREATE TABLE `album` (
  `id` int(10) UNSIGNED NOT NULL,
  `name` varchar(255) COLLATE utf8mb4_unicode_ci NOT NULL,
  `description` text COLLATE utf8mb4_unicode_ci NOT NULL,
  `image` varchar(255) COLLATE utf8mb4_unicode_ci NOT NULL,
  `created_at` timestamp NULL DEFAULT NULL,
  `updated_at` timestamp NULL DEFAULT NULL
) ENGINE=InnoDB DEFAULT CHARSET=utf8mb4 COLLATE=utf8mb4_unicode_ci;

-- --------------------------------------------------------

--
-- Table structure for table `audio`
--

CREATE TABLE `audio` (
  `id` int(10) UNSIGNED NOT NULL,
  `title` varchar(255) COLLATE utf8mb4_unicode_ci NOT NULL,
  `sound_link` varchar(255) COLLATE utf8mb4_unicode_ci NOT NULL,
  `description` text COLLATE utf8mb4_unicode_ci NOT NULL,
  `created_at` timestamp NULL DEFAULT NULL,
  `updated_at` timestamp NULL DEFAULT NULL,
  `category_id` int(10) UNSIGNED DEFAULT NULL,
  `slug` varchar(255) COLLATE utf8mb4_unicode_ci NOT NULL,
  `album_id` int(10) UNSIGNED DEFAULT NULL
) ENGINE=InnoDB DEFAULT CHARSET=utf8mb4 COLLATE=utf8mb4_unicode_ci;

-- --------------------------------------------------------

--
-- Table structure for table `books`
--

CREATE TABLE `books` (
  `id` int(10) UNSIGNED NOT NULL,
  `title` varchar(255) COLLATE utf8mb4_unicode_ci NOT NULL,
  `description` text COLLATE utf8mb4_unicode_ci NOT NULL,
  `photo_path` varchar(255) COLLATE utf8mb4_unicode_ci DEFAULT NULL,
  `created_at` timestamp NULL DEFAULT NULL,
  `updated_at` timestamp NULL DEFAULT NULL,
  `start_cover` int(11) DEFAULT NULL,
  `end_cover` int(11) DEFAULT NULL,
  `sequence` varchar(255) COLLATE utf8mb4_unicode_ci DEFAULT NULL
) ENGINE=InnoDB DEFAULT CHARSET=utf8mb4 COLLATE=utf8mb4_unicode_ci;

--
-- Dumping data for table `books`
--

INSERT INTO `books` (`id`, `title`, `description`, `photo_path`, `created_at`, `updated_at`, `start_cover`, `end_cover`, `sequence`) VALUES
(1, 'book1', '<p>test</p>', 'uploads/book\\1603190327_تبسم 8-7-2020بالغلاف.pdf', '2020-10-20 08:38:47', '2020-10-21 07:32:35', 383, 467, NULL),
(3, 'book2', '<p>sdsd</p>', NULL, '2020-10-20 11:08:15', '2020-10-21 07:32:13', 86, 185, NULL),
(4, 'book3', '<p>df</p>', 'uploads/book\\1603199339_كتاب_عيد_الروح_تنسيق_جديد8_7_2020بالغلاف.pdf', '2020-10-20 11:08:59', '2020-10-21 07:32:22', 186, 296, NULL),
(5, 'book4', '<p>fgfgfgf</p>', NULL, '2020-10-20 11:16:19', '2020-10-21 07:32:29', 297, 382, NULL);

-- --------------------------------------------------------

--
-- Table structure for table `book_photos`
--

CREATE TABLE `book_photos` (
  `id` int(10) UNSIGNED NOT NULL,
  `page_number` int(11) DEFAULT NULL,
  `photo_path` varchar(255) COLLATE utf8mb4_unicode_ci NOT NULL,
  `book_id` int(10) UNSIGNED DEFAULT NULL,
  `created_at` timestamp NULL DEFAULT NULL,
  `updated_at` timestamp NULL DEFAULT NULL,
  `order` int(11) NOT NULL
) ENGINE=InnoDB DEFAULT CHARSET=utf8mb4 COLLATE=utf8mb4_unicode_ci;

--
-- Dumping data for table `book_photos`
--

INSERT INTO `book_photos` (`id`, `page_number`, `photo_path`, `book_id`, `created_at`, `updated_at`, `order`) VALUES
(86, NULL, 'uploads/book/3/الأربعون_الإنشادية8_7_2020_بالغلاف_page-0001.jpg', 3, '2020-10-21 07:32:12', '2020-10-21 07:32:12', 1),
(87, NULL, 'uploads/book/3/الأربعون_الإنشادية8_7_2020_بالغلاف_page-0002.jpg', 3, '2020-10-21 07:32:12', '2020-10-21 07:32:12', 2),
(88, NULL, 'uploads/book/3/الأربعون_الإنشادية8_7_2020_بالغلاف_page-0003.jpg', 3, '2020-10-21 07:32:12', '2020-10-21 07:32:12', 3),
(89, NULL, 'uploads/book/3/الأربعون_الإنشادية8_7_2020_بالغلاف_page-0004.jpg', 3, '2020-10-21 07:32:12', '2020-10-21 07:32:12', 4),
(90, NULL, 'uploads/book/3/الأربعون_الإنشادية8_7_2020_بالغلاف_page-0005.jpg', 3, '2020-10-21 07:32:12', '2020-10-21 07:32:12', 5),
(91, NULL, 'uploads/book/3/الأربعون_الإنشادية8_7_2020_بالغلاف_page-0006.jpg', 3, '2020-10-21 07:32:12', '2020-10-21 07:32:12', 6),
(92, NULL, 'uploads/book/3/الأربعون_الإنشادية8_7_2020_بالغلاف_page-0007.jpg', 3, '2020-10-21 07:32:12', '2020-10-21 07:32:12', 7),
(93, NULL, 'uploads/book/3/الأربعون_الإنشادية8_7_2020_بالغلاف_page-0008.jpg', 3, '2020-10-21 07:32:12', '2020-10-21 07:32:12', 8),
(94, NULL, 'uploads/book/3/الأربعون_الإنشادية8_7_2020_بالغلاف_page-0009.jpg', 3, '2020-10-21 07:32:12', '2020-10-21 07:32:12', 9),
(95, NULL, 'uploads/book/3/الأربعون_الإنشادية8_7_2020_بالغلاف_page-0010.jpg', 3, '2020-10-21 07:32:12', '2020-10-21 07:32:12', 10),
(96, NULL, 'uploads/book/3/الأربعون_الإنشادية8_7_2020_بالغلاف_page-0011.jpg', 3, '2020-10-21 07:32:12', '2020-10-21 07:32:12', 11),
(97, NULL, 'uploads/book/3/الأربعون_الإنشادية8_7_2020_بالغلاف_page-0012.jpg', 3, '2020-10-21 07:32:12', '2020-10-21 07:32:12', 12),
(98, NULL, 'uploads/book/3/الأربعون_الإنشادية8_7_2020_بالغلاف_page-0013.jpg', 3, '2020-10-21 07:32:12', '2020-10-21 07:32:12', 13),
(99, NULL, 'uploads/book/3/الأربعون_الإنشادية8_7_2020_بالغلاف_page-0014.jpg', 3, '2020-10-21 07:32:12', '2020-10-21 07:32:12', 14),
(100, NULL, 'uploads/book/3/الأربعون_الإنشادية8_7_2020_بالغلاف_page-0015.jpg', 3, '2020-10-21 07:32:12', '2020-10-21 07:32:12', 15),
(101, NULL, 'uploads/book/3/الأربعون_الإنشادية8_7_2020_بالغلاف_page-0016.jpg', 3, '2020-10-21 07:32:12', '2020-10-21 07:32:12', 16),
(102, NULL, 'uploads/book/3/الأربعون_الإنشادية8_7_2020_بالغلاف_page-0017.jpg', 3, '2020-10-21 07:32:12', '2020-10-21 07:32:12', 17),
(103, NULL, 'uploads/book/3/الأربعون_الإنشادية8_7_2020_بالغلاف_page-0018.jpg', 3, '2020-10-21 07:32:12', '2020-10-21 07:32:12', 18),
(104, NULL, 'uploads/book/3/الأربعون_الإنشادية8_7_2020_بالغلاف_page-0019.jpg', 3, '2020-10-21 07:32:12', '2020-10-21 07:32:12', 19),
(105, NULL, 'uploads/book/3/الأربعون_الإنشادية8_7_2020_بالغلاف_page-0020.jpg', 3, '2020-10-21 07:32:12', '2020-10-21 07:32:12', 20),
(106, NULL, 'uploads/book/3/الأربعون_الإنشادية8_7_2020_بالغلاف_page-0021.jpg', 3, '2020-10-21 07:32:12', '2020-10-21 07:32:12', 21),
(107, NULL, 'uploads/book/3/الأربعون_الإنشادية8_7_2020_بالغلاف_page-0022.jpg', 3, '2020-10-21 07:32:12', '2020-10-21 07:32:12', 22),
(108, NULL, 'uploads/book/3/الأربعون_الإنشادية8_7_2020_بالغلاف_page-0023.jpg', 3, '2020-10-21 07:32:12', '2020-10-21 07:32:12', 23),
(109, NULL, 'uploads/book/3/الأربعون_الإنشادية8_7_2020_بالغلاف_page-0024.jpg', 3, '2020-10-21 07:32:12', '2020-10-21 07:32:12', 24),
(110, NULL, 'uploads/book/3/الأربعون_الإنشادية8_7_2020_بالغلاف_page-0025.jpg', 3, '2020-10-21 07:32:12', '2020-10-21 07:32:12', 25),
(111, NULL, 'uploads/book/3/الأربعون_الإنشادية8_7_2020_بالغلاف_page-0026.jpg', 3, '2020-10-21 07:32:12', '2020-10-21 07:32:12', 26),
(112, NULL, 'uploads/book/3/الأربعون_الإنشادية8_7_2020_بالغلاف_page-0027.jpg', 3, '2020-10-21 07:32:12', '2020-10-21 07:32:12', 27),
(113, NULL, 'uploads/book/3/الأربعون_الإنشادية8_7_2020_بالغلاف_page-0028.jpg', 3, '2020-10-21 07:32:12', '2020-10-21 07:32:12', 28),
(114, NULL, 'uploads/book/3/الأربعون_الإنشادية8_7_2020_بالغلاف_page-0029.jpg', 3, '2020-10-21 07:32:12', '2020-10-21 07:32:12', 29),
(115, NULL, 'uploads/book/3/الأربعون_الإنشادية8_7_2020_بالغلاف_page-0030.jpg', 3, '2020-10-21 07:32:12', '2020-10-21 07:32:12', 30),
(116, NULL, 'uploads/book/3/الأربعون_الإنشادية8_7_2020_بالغلاف_page-0031.jpg', 3, '2020-10-21 07:32:12', '2020-10-21 07:32:12', 31),
(117, NULL, 'uploads/book/3/الأربعون_الإنشادية8_7_2020_بالغلاف_page-0032.jpg', 3, '2020-10-21 07:32:12', '2020-10-21 07:32:12', 32),
(118, NULL, 'uploads/book/3/الأربعون_الإنشادية8_7_2020_بالغلاف_page-0033.jpg', 3, '2020-10-21 07:32:12', '2020-10-21 07:32:12', 33),
(119, NULL, 'uploads/book/3/الأربعون_الإنشادية8_7_2020_بالغلاف_page-0034.jpg', 3, '2020-10-21 07:32:12', '2020-10-21 07:32:12', 34),
(120, NULL, 'uploads/book/3/الأربعون_الإنشادية8_7_2020_بالغلاف_page-0035.jpg', 3, '2020-10-21 07:32:12', '2020-10-21 07:32:12', 35),
(121, NULL, 'uploads/book/3/الأربعون_الإنشادية8_7_2020_بالغلاف_page-0036.jpg', 3, '2020-10-21 07:32:12', '2020-10-21 07:32:12', 36),
(122, NULL, 'uploads/book/3/الأربعون_الإنشادية8_7_2020_بالغلاف_page-0037.jpg', 3, '2020-10-21 07:32:12', '2020-10-21 07:32:12', 37),
(123, NULL, 'uploads/book/3/الأربعون_الإنشادية8_7_2020_بالغلاف_page-0038.jpg', 3, '2020-10-21 07:32:12', '2020-10-21 07:32:12', 38),
(124, NULL, 'uploads/book/3/الأربعون_الإنشادية8_7_2020_بالغلاف_page-0039.jpg', 3, '2020-10-21 07:32:12', '2020-10-21 07:32:12', 39),
(125, NULL, 'uploads/book/3/الأربعون_الإنشادية8_7_2020_بالغلاف_page-0040.jpg', 3, '2020-10-21 07:32:12', '2020-10-21 07:32:12', 40),
(126, NULL, 'uploads/book/3/الأربعون_الإنشادية8_7_2020_بالغلاف_page-0041.jpg', 3, '2020-10-21 07:32:12', '2020-10-21 07:32:12', 41),
(127, NULL, 'uploads/book/3/الأربعون_الإنشادية8_7_2020_بالغلاف_page-0042.jpg', 3, '2020-10-21 07:32:12', '2020-10-21 07:32:12', 42),
(128, NULL, 'uploads/book/3/الأربعون_الإنشادية8_7_2020_بالغلاف_page-0043.jpg', 3, '2020-10-21 07:32:12', '2020-10-21 07:32:12', 43),
(129, NULL, 'uploads/book/3/الأربعون_الإنشادية8_7_2020_بالغلاف_page-0044.jpg', 3, '2020-10-21 07:32:12', '2020-10-21 07:32:12', 44),
(130, NULL, 'uploads/book/3/الأربعون_الإنشادية8_7_2020_بالغلاف_page-0045.jpg', 3, '2020-10-21 07:32:12', '2020-10-21 07:32:12', 45),
(131, NULL, 'uploads/book/3/الأربعون_الإنشادية8_7_2020_بالغلاف_page-0046.jpg', 3, '2020-10-21 07:32:12', '2020-10-21 07:32:12', 46),
(132, NULL, 'uploads/book/3/الأربعون_الإنشادية8_7_2020_بالغلاف_page-0047.jpg', 3, '2020-10-21 07:32:12', '2020-10-21 07:32:12', 47),
(133, NULL, 'uploads/book/3/الأربعون_الإنشادية8_7_2020_بالغلاف_page-0048.jpg', 3, '2020-10-21 07:32:12', '2020-10-21 07:32:12', 48),
(134, NULL, 'uploads/book/3/الأربعون_الإنشادية8_7_2020_بالغلاف_page-0049.jpg', 3, '2020-10-21 07:32:12', '2020-10-21 07:32:12', 49),
(135, NULL, 'uploads/book/3/الأربعون_الإنشادية8_7_2020_بالغلاف_page-0050.jpg', 3, '2020-10-21 07:32:12', '2020-10-21 07:32:12', 50),
(136, NULL, 'uploads/book/3/الأربعون_الإنشادية8_7_2020_بالغلاف_page-0051.jpg', 3, '2020-10-21 07:32:12', '2020-10-21 07:32:12', 51),
(137, NULL, 'uploads/book/3/الأربعون_الإنشادية8_7_2020_بالغلاف_page-0052.jpg', 3, '2020-10-21 07:32:12', '2020-10-21 07:32:12', 52),
(138, NULL, 'uploads/book/3/الأربعون_الإنشادية8_7_2020_بالغلاف_page-0053.jpg', 3, '2020-10-21 07:32:12', '2020-10-21 07:32:12', 53),
(139, NULL, 'uploads/book/3/الأربعون_الإنشادية8_7_2020_بالغلاف_page-0054.jpg', 3, '2020-10-21 07:32:12', '2020-10-21 07:32:12', 54),
(140, NULL, 'uploads/book/3/الأربعون_الإنشادية8_7_2020_بالغلاف_page-0055.jpg', 3, '2020-10-21 07:32:12', '2020-10-21 07:32:12', 55),
(141, NULL, 'uploads/book/3/الأربعون_الإنشادية8_7_2020_بالغلاف_page-0056.jpg', 3, '2020-10-21 07:32:12', '2020-10-21 07:32:12', 56),
(142, NULL, 'uploads/book/3/الأربعون_الإنشادية8_7_2020_بالغلاف_page-0057.jpg', 3, '2020-10-21 07:32:12', '2020-10-21 07:32:12', 57),
(143, NULL, 'uploads/book/3/الأربعون_الإنشادية8_7_2020_بالغلاف_page-0058.jpg', 3, '2020-10-21 07:32:12', '2020-10-21 07:32:12', 58),
(144, NULL, 'uploads/book/3/الأربعون_الإنشادية8_7_2020_بالغلاف_page-0059.jpg', 3, '2020-10-21 07:32:12', '2020-10-21 07:32:12', 59),
(145, NULL, 'uploads/book/3/الأربعون_الإنشادية8_7_2020_بالغلاف_page-0060.jpg', 3, '2020-10-21 07:32:12', '2020-10-21 07:32:12', 60),
(146, NULL, 'uploads/book/3/الأربعون_الإنشادية8_7_2020_بالغلاف_page-0061.jpg', 3, '2020-10-21 07:32:13', '2020-10-21 07:32:13', 61),
(147, NULL, 'uploads/book/3/الأربعون_الإنشادية8_7_2020_بالغلاف_page-0062.jpg', 3, '2020-10-21 07:32:13', '2020-10-21 07:32:13', 62),
(148, NULL, 'uploads/book/3/الأربعون_الإنشادية8_7_2020_بالغلاف_page-0063.jpg', 3, '2020-10-21 07:32:13', '2020-10-21 07:32:13', 63),
(149, NULL, 'uploads/book/3/الأربعون_الإنشادية8_7_2020_بالغلاف_page-0064.jpg', 3, '2020-10-21 07:32:13', '2020-10-21 07:32:13', 64),
(150, NULL, 'uploads/book/3/الأربعون_الإنشادية8_7_2020_بالغلاف_page-0065.jpg', 3, '2020-10-21 07:32:13', '2020-10-21 07:32:13', 65),
(151, NULL, 'uploads/book/3/الأربعون_الإنشادية8_7_2020_بالغلاف_page-0066.jpg', 3, '2020-10-21 07:32:13', '2020-10-21 07:32:13', 66),
(152, NULL, 'uploads/book/3/الأربعون_الإنشادية8_7_2020_بالغلاف_page-0067.jpg', 3, '2020-10-21 07:32:13', '2020-10-21 07:32:13', 67),
(153, NULL, 'uploads/book/3/الأربعون_الإنشادية8_7_2020_بالغلاف_page-0068.jpg', 3, '2020-10-21 07:32:13', '2020-10-21 07:32:13', 68),
(154, NULL, 'uploads/book/3/الأربعون_الإنشادية8_7_2020_بالغلاف_page-0069.jpg', 3, '2020-10-21 07:32:13', '2020-10-21 07:32:13', 69),
(155, NULL, 'uploads/book/3/الأربعون_الإنشادية8_7_2020_بالغلاف_page-0070.jpg', 3, '2020-10-21 07:32:13', '2020-10-21 07:32:13', 70),
(156, NULL, 'uploads/book/3/الأربعون_الإنشادية8_7_2020_بالغلاف_page-0071.jpg', 3, '2020-10-21 07:32:13', '2020-10-21 07:32:13', 71),
(157, NULL, 'uploads/book/3/الأربعون_الإنشادية8_7_2020_بالغلاف_page-0072.jpg', 3, '2020-10-21 07:32:13', '2020-10-21 07:32:13', 72),
(158, NULL, 'uploads/book/3/الأربعون_الإنشادية8_7_2020_بالغلاف_page-0073.jpg', 3, '2020-10-21 07:32:13', '2020-10-21 07:32:13', 73),
(159, NULL, 'uploads/book/3/الأربعون_الإنشادية8_7_2020_بالغلاف_page-0074.jpg', 3, '2020-10-21 07:32:13', '2020-10-21 07:32:13', 74),
(160, NULL, 'uploads/book/3/الأربعون_الإنشادية8_7_2020_بالغلاف_page-0075.jpg', 3, '2020-10-21 07:32:13', '2020-10-21 07:32:13', 75),
(161, NULL, 'uploads/book/3/الأربعون_الإنشادية8_7_2020_بالغلاف_page-0076.jpg', 3, '2020-10-21 07:32:13', '2020-10-21 07:32:13', 76),
(162, NULL, 'uploads/book/3/الأربعون_الإنشادية8_7_2020_بالغلاف_page-0077.jpg', 3, '2020-10-21 07:32:13', '2020-10-21 07:32:13', 77),
(163, NULL, 'uploads/book/3/الأربعون_الإنشادية8_7_2020_بالغلاف_page-0078.jpg', 3, '2020-10-21 07:32:13', '2020-10-21 07:32:13', 78),
(164, NULL, 'uploads/book/3/الأربعون_الإنشادية8_7_2020_بالغلاف_page-0079.jpg', 3, '2020-10-21 07:32:13', '2020-10-21 07:32:13', 79),
(165, NULL, 'uploads/book/3/الأربعون_الإنشادية8_7_2020_بالغلاف_page-0080.jpg', 3, '2020-10-21 07:32:13', '2020-10-21 07:32:13', 80),
(166, NULL, 'uploads/book/3/الأربعون_الإنشادية8_7_2020_بالغلاف_page-0081.jpg', 3, '2020-10-21 07:32:13', '2020-10-21 07:32:13', 81),
(167, NULL, 'uploads/book/3/الأربعون_الإنشادية8_7_2020_بالغلاف_page-0082.jpg', 3, '2020-10-21 07:32:13', '2020-10-21 07:32:13', 82),
(168, NULL, 'uploads/book/3/الأربعون_الإنشادية8_7_2020_بالغلاف_page-0083.jpg', 3, '2020-10-21 07:32:13', '2020-10-21 07:32:13', 83),
(169, NULL, 'uploads/book/3/الأربعون_الإنشادية8_7_2020_بالغلاف_page-0084.jpg', 3, '2020-10-21 07:32:13', '2020-10-21 07:32:13', 84),
(170, NULL, 'uploads/book/3/الأربعون_الإنشادية8_7_2020_بالغلاف_page-0085.jpg', 3, '2020-10-21 07:32:13', '2020-10-21 07:32:13', 85),
(171, NULL, 'uploads/book/3/الأربعون_الإنشادية8_7_2020_بالغلاف_page-0086.jpg', 3, '2020-10-21 07:32:13', '2020-10-21 07:32:13', 86),
(172, NULL, 'uploads/book/3/الأربعون_الإنشادية8_7_2020_بالغلاف_page-0087.jpg', 3, '2020-10-21 07:32:13', '2020-10-21 07:32:13', 87),
(173, NULL, 'uploads/book/3/الأربعون_الإنشادية8_7_2020_بالغلاف_page-0088.jpg', 3, '2020-10-21 07:32:13', '2020-10-21 07:32:13', 88),
(174, NULL, 'uploads/book/3/الأربعون_الإنشادية8_7_2020_بالغلاف_page-0089.jpg', 3, '2020-10-21 07:32:13', '2020-10-21 07:32:13', 89),
(175, NULL, 'uploads/book/3/الأربعون_الإنشادية8_7_2020_بالغلاف_page-0090.jpg', 3, '2020-10-21 07:32:13', '2020-10-21 07:32:13', 90),
(176, NULL, 'uploads/book/3/الأربعون_الإنشادية8_7_2020_بالغلاف_page-0091.jpg', 3, '2020-10-21 07:32:13', '2020-10-21 07:32:13', 91),
(177, NULL, 'uploads/book/3/الأربعون_الإنشادية8_7_2020_بالغلاف_page-0092.jpg', 3, '2020-10-21 07:32:13', '2020-10-21 07:32:13', 92),
(178, NULL, 'uploads/book/3/الأربعون_الإنشادية8_7_2020_بالغلاف_page-0093.jpg', 3, '2020-10-21 07:32:13', '2020-10-21 07:32:13', 93),
(179, NULL, 'uploads/book/3/الأربعون_الإنشادية8_7_2020_بالغلاف_page-0094.jpg', 3, '2020-10-21 07:32:13', '2020-10-21 07:32:13', 94),
(180, NULL, 'uploads/book/3/الأربعون_الإنشادية8_7_2020_بالغلاف_page-0095.jpg', 3, '2020-10-21 07:32:13', '2020-10-21 07:32:13', 95),
(181, NULL, 'uploads/book/3/الأربعون_الإنشادية8_7_2020_بالغلاف_page-0096.jpg', 3, '2020-10-21 07:32:13', '2020-10-21 07:32:13', 96),
(182, NULL, 'uploads/book/3/الأربعون_الإنشادية8_7_2020_بالغلاف_page-0097.jpg', 3, '2020-10-21 07:32:13', '2020-10-21 07:32:13', 97),
(183, NULL, 'uploads/book/3/الأربعون_الإنشادية8_7_2020_بالغلاف_page-0098.jpg', 3, '2020-10-21 07:32:13', '2020-10-21 07:32:13', 98),
(184, NULL, 'uploads/book/3/الأربعون_الإنشادية8_7_2020_بالغلاف_page-0099.jpg', 3, '2020-10-21 07:32:13', '2020-10-21 07:32:13', 99),
(185, NULL, 'uploads/book/3/الأربعون_الإنشادية8_7_2020_بالغلاف_page-0100.jpg', 3, '2020-10-21 07:32:13', '2020-10-21 07:32:13', 100),
(186, NULL, 'uploads/book/4/أساس_علوم_الدين_إنجليزي_للمطبعة_7_12_2019_page-0001.jpg', 4, '2020-10-21 07:32:20', '2020-10-21 07:32:20', 1),
(187, NULL, 'uploads/book/4/أساس_علوم_الدين_إنجليزي_للمطبعة_7_12_2019_page-0002.jpg', 4, '2020-10-21 07:32:20', '2020-10-21 07:32:20', 2),
(188, NULL, 'uploads/book/4/أساس_علوم_الدين_إنجليزي_للمطبعة_7_12_2019_page-0003.jpg', 4, '2020-10-21 07:32:20', '2020-10-21 07:32:20', 3),
(189, NULL, 'uploads/book/4/أساس_علوم_الدين_إنجليزي_للمطبعة_7_12_2019_page-0004.jpg', 4, '2020-10-21 07:32:20', '2020-10-21 07:32:20', 4),
(190, NULL, 'uploads/book/4/أساس_علوم_الدين_إنجليزي_للمطبعة_7_12_2019_page-0005.jpg', 4, '2020-10-21 07:32:20', '2020-10-21 07:32:20', 5),
(191, NULL, 'uploads/book/4/أساس_علوم_الدين_إنجليزي_للمطبعة_7_12_2019_page-0006.jpg', 4, '2020-10-21 07:32:20', '2020-10-21 07:32:20', 6),
(192, NULL, 'uploads/book/4/أساس_علوم_الدين_إنجليزي_للمطبعة_7_12_2019_page-0007.jpg', 4, '2020-10-21 07:32:20', '2020-10-21 07:32:20', 7),
(193, NULL, 'uploads/book/4/أساس_علوم_الدين_إنجليزي_للمطبعة_7_12_2019_page-0008.jpg', 4, '2020-10-21 07:32:20', '2020-10-21 07:32:20', 8),
(194, NULL, 'uploads/book/4/أساس_علوم_الدين_إنجليزي_للمطبعة_7_12_2019_page-0009.jpg', 4, '2020-10-21 07:32:20', '2020-10-21 07:32:20', 9),
(195, NULL, 'uploads/book/4/أساس_علوم_الدين_إنجليزي_للمطبعة_7_12_2019_page-0010.jpg', 4, '2020-10-21 07:32:20', '2020-10-21 07:32:20', 10),
(196, NULL, 'uploads/book/4/أساس_علوم_الدين_إنجليزي_للمطبعة_7_12_2019_page-0011.jpg', 4, '2020-10-21 07:32:20', '2020-10-21 07:32:20', 11),
(197, NULL, 'uploads/book/4/أساس_علوم_الدين_إنجليزي_للمطبعة_7_12_2019_page-0012.jpg', 4, '2020-10-21 07:32:20', '2020-10-21 07:32:20', 12),
(198, NULL, 'uploads/book/4/أساس_علوم_الدين_إنجليزي_للمطبعة_7_12_2019_page-0013.jpg', 4, '2020-10-21 07:32:20', '2020-10-21 07:32:20', 13),
(199, NULL, 'uploads/book/4/أساس_علوم_الدين_إنجليزي_للمطبعة_7_12_2019_page-0014.jpg', 4, '2020-10-21 07:32:20', '2020-10-21 07:32:20', 14),
(200, NULL, 'uploads/book/4/أساس_علوم_الدين_إنجليزي_للمطبعة_7_12_2019_page-0015.jpg', 4, '2020-10-21 07:32:20', '2020-10-21 07:32:20', 15),
(201, NULL, 'uploads/book/4/أساس_علوم_الدين_إنجليزي_للمطبعة_7_12_2019_page-0016.jpg', 4, '2020-10-21 07:32:20', '2020-10-21 07:32:20', 16),
(202, NULL, 'uploads/book/4/أساس_علوم_الدين_إنجليزي_للمطبعة_7_12_2019_page-0017.jpg', 4, '2020-10-21 07:32:20', '2020-10-21 07:32:20', 17),
(203, NULL, 'uploads/book/4/أساس_علوم_الدين_إنجليزي_للمطبعة_7_12_2019_page-0018.jpg', 4, '2020-10-21 07:32:20', '2020-10-21 07:32:20', 18),
(204, NULL, 'uploads/book/4/أساس_علوم_الدين_إنجليزي_للمطبعة_7_12_2019_page-0019.jpg', 4, '2020-10-21 07:32:20', '2020-10-21 07:32:20', 19),
(205, NULL, 'uploads/book/4/أساس_علوم_الدين_إنجليزي_للمطبعة_7_12_2019_page-0020.jpg', 4, '2020-10-21 07:32:20', '2020-10-21 07:32:20', 20),
(206, NULL, 'uploads/book/4/أساس_علوم_الدين_إنجليزي_للمطبعة_7_12_2019_page-0021.jpg', 4, '2020-10-21 07:32:20', '2020-10-21 07:32:20', 21),
(207, NULL, 'uploads/book/4/أساس_علوم_الدين_إنجليزي_للمطبعة_7_12_2019_page-0022.jpg', 4, '2020-10-21 07:32:20', '2020-10-21 07:32:20', 22),
(208, NULL, 'uploads/book/4/أساس_علوم_الدين_إنجليزي_للمطبعة_7_12_2019_page-0023.jpg', 4, '2020-10-21 07:32:20', '2020-10-21 07:32:20', 23),
(209, NULL, 'uploads/book/4/أساس_علوم_الدين_إنجليزي_للمطبعة_7_12_2019_page-0024.jpg', 4, '2020-10-21 07:32:20', '2020-10-21 07:32:20', 24),
(210, NULL, 'uploads/book/4/أساس_علوم_الدين_إنجليزي_للمطبعة_7_12_2019_page-0025.jpg', 4, '2020-10-21 07:32:20', '2020-10-21 07:32:20', 25),
(211, NULL, 'uploads/book/4/أساس_علوم_الدين_إنجليزي_للمطبعة_7_12_2019_page-0026.jpg', 4, '2020-10-21 07:32:20', '2020-10-21 07:32:20', 26),
(212, NULL, 'uploads/book/4/أساس_علوم_الدين_إنجليزي_للمطبعة_7_12_2019_page-0027.jpg', 4, '2020-10-21 07:32:20', '2020-10-21 07:32:20', 27),
(213, NULL, 'uploads/book/4/أساس_علوم_الدين_إنجليزي_للمطبعة_7_12_2019_page-0028.jpg', 4, '2020-10-21 07:32:20', '2020-10-21 07:32:20', 28),
(214, NULL, 'uploads/book/4/أساس_علوم_الدين_إنجليزي_للمطبعة_7_12_2019_page-0029.jpg', 4, '2020-10-21 07:32:20', '2020-10-21 07:32:20', 29),
(215, NULL, 'uploads/book/4/أساس_علوم_الدين_إنجليزي_للمطبعة_7_12_2019_page-0030.jpg', 4, '2020-10-21 07:32:20', '2020-10-21 07:32:20', 30),
(216, NULL, 'uploads/book/4/أساس_علوم_الدين_إنجليزي_للمطبعة_7_12_2019_page-0031.jpg', 4, '2020-10-21 07:32:20', '2020-10-21 07:32:20', 31),
(217, NULL, 'uploads/book/4/أساس_علوم_الدين_إنجليزي_للمطبعة_7_12_2019_page-0032.jpg', 4, '2020-10-21 07:32:20', '2020-10-21 07:32:20', 32),
(218, NULL, 'uploads/book/4/أساس_علوم_الدين_إنجليزي_للمطبعة_7_12_2019_page-0033.jpg', 4, '2020-10-21 07:32:20', '2020-10-21 07:32:20', 33),
(219, NULL, 'uploads/book/4/أساس_علوم_الدين_إنجليزي_للمطبعة_7_12_2019_page-0034.jpg', 4, '2020-10-21 07:32:20', '2020-10-21 07:32:20', 34),
(220, NULL, 'uploads/book/4/أساس_علوم_الدين_إنجليزي_للمطبعة_7_12_2019_page-0035.jpg', 4, '2020-10-21 07:32:20', '2020-10-21 07:32:20', 35),
(221, NULL, 'uploads/book/4/أساس_علوم_الدين_إنجليزي_للمطبعة_7_12_2019_page-0036.jpg', 4, '2020-10-21 07:32:20', '2020-10-21 07:32:20', 36),
(222, NULL, 'uploads/book/4/أساس_علوم_الدين_إنجليزي_للمطبعة_7_12_2019_page-0037.jpg', 4, '2020-10-21 07:32:20', '2020-10-21 07:32:20', 37),
(223, NULL, 'uploads/book/4/أساس_علوم_الدين_إنجليزي_للمطبعة_7_12_2019_page-0038.jpg', 4, '2020-10-21 07:32:20', '2020-10-21 07:32:20', 38),
(224, NULL, 'uploads/book/4/أساس_علوم_الدين_إنجليزي_للمطبعة_7_12_2019_page-0039.jpg', 4, '2020-10-21 07:32:20', '2020-10-21 07:32:20', 39),
(225, NULL, 'uploads/book/4/أساس_علوم_الدين_إنجليزي_للمطبعة_7_12_2019_page-0040.jpg', 4, '2020-10-21 07:32:20', '2020-10-21 07:32:20', 40),
(226, NULL, 'uploads/book/4/أساس_علوم_الدين_إنجليزي_للمطبعة_7_12_2019_page-0041.jpg', 4, '2020-10-21 07:32:20', '2020-10-21 07:32:20', 41),
(227, NULL, 'uploads/book/4/أساس_علوم_الدين_إنجليزي_للمطبعة_7_12_2019_page-0042.jpg', 4, '2020-10-21 07:32:20', '2020-10-21 07:32:20', 42),
(228, NULL, 'uploads/book/4/أساس_علوم_الدين_إنجليزي_للمطبعة_7_12_2019_page-0043.jpg', 4, '2020-10-21 07:32:20', '2020-10-21 07:32:20', 43),
(229, NULL, 'uploads/book/4/أساس_علوم_الدين_إنجليزي_للمطبعة_7_12_2019_page-0044.jpg', 4, '2020-10-21 07:32:20', '2020-10-21 07:32:20', 44),
(230, NULL, 'uploads/book/4/أساس_علوم_الدين_إنجليزي_للمطبعة_7_12_2019_page-0045.jpg', 4, '2020-10-21 07:32:20', '2020-10-21 07:32:20', 45),
(231, NULL, 'uploads/book/4/أساس_علوم_الدين_إنجليزي_للمطبعة_7_12_2019_page-0046.jpg', 4, '2020-10-21 07:32:20', '2020-10-21 07:32:20', 46),
(232, NULL, 'uploads/book/4/أساس_علوم_الدين_إنجليزي_للمطبعة_7_12_2019_page-0047.jpg', 4, '2020-10-21 07:32:20', '2020-10-21 07:32:20', 47),
(233, NULL, 'uploads/book/4/أساس_علوم_الدين_إنجليزي_للمطبعة_7_12_2019_page-0048.jpg', 4, '2020-10-21 07:32:21', '2020-10-21 07:32:21', 48),
(234, NULL, 'uploads/book/4/أساس_علوم_الدين_إنجليزي_للمطبعة_7_12_2019_page-0049.jpg', 4, '2020-10-21 07:32:21', '2020-10-21 07:32:21', 49),
(235, NULL, 'uploads/book/4/أساس_علوم_الدين_إنجليزي_للمطبعة_7_12_2019_page-0050.jpg', 4, '2020-10-21 07:32:21', '2020-10-21 07:32:21', 50),
(236, NULL, 'uploads/book/4/أساس_علوم_الدين_إنجليزي_للمطبعة_7_12_2019_page-0051.jpg', 4, '2020-10-21 07:32:21', '2020-10-21 07:32:21', 51),
(237, NULL, 'uploads/book/4/أساس_علوم_الدين_إنجليزي_للمطبعة_7_12_2019_page-0052.jpg', 4, '2020-10-21 07:32:21', '2020-10-21 07:32:21', 52),
(238, NULL, 'uploads/book/4/أساس_علوم_الدين_إنجليزي_للمطبعة_7_12_2019_page-0053.jpg', 4, '2020-10-21 07:32:21', '2020-10-21 07:32:21', 53),
(239, NULL, 'uploads/book/4/أساس_علوم_الدين_إنجليزي_للمطبعة_7_12_2019_page-0054.jpg', 4, '2020-10-21 07:32:21', '2020-10-21 07:32:21', 54),
(240, NULL, 'uploads/book/4/أساس_علوم_الدين_إنجليزي_للمطبعة_7_12_2019_page-0055.jpg', 4, '2020-10-21 07:32:21', '2020-10-21 07:32:21', 55),
(241, NULL, 'uploads/book/4/أساس_علوم_الدين_إنجليزي_للمطبعة_7_12_2019_page-0056.jpg', 4, '2020-10-21 07:32:21', '2020-10-21 07:32:21', 56),
(242, NULL, 'uploads/book/4/أساس_علوم_الدين_إنجليزي_للمطبعة_7_12_2019_page-0057.jpg', 4, '2020-10-21 07:32:21', '2020-10-21 07:32:21', 57),
(243, NULL, 'uploads/book/4/أساس_علوم_الدين_إنجليزي_للمطبعة_7_12_2019_page-0058.jpg', 4, '2020-10-21 07:32:21', '2020-10-21 07:32:21', 58),
(244, NULL, 'uploads/book/4/أساس_علوم_الدين_إنجليزي_للمطبعة_7_12_2019_page-0059.jpg', 4, '2020-10-21 07:32:21', '2020-10-21 07:32:21', 59),
(245, NULL, 'uploads/book/4/أساس_علوم_الدين_إنجليزي_للمطبعة_7_12_2019_page-0060.jpg', 4, '2020-10-21 07:32:21', '2020-10-21 07:32:21', 60),
(246, NULL, 'uploads/book/4/أساس_علوم_الدين_إنجليزي_للمطبعة_7_12_2019_page-0061.jpg', 4, '2020-10-21 07:32:21', '2020-10-21 07:32:21', 61),
(247, NULL, 'uploads/book/4/أساس_علوم_الدين_إنجليزي_للمطبعة_7_12_2019_page-0062.jpg', 4, '2020-10-21 07:32:21', '2020-10-21 07:32:21', 62),
(248, NULL, 'uploads/book/4/أساس_علوم_الدين_إنجليزي_للمطبعة_7_12_2019_page-0063.jpg', 4, '2020-10-21 07:32:21', '2020-10-21 07:32:21', 63),
(249, NULL, 'uploads/book/4/أساس_علوم_الدين_إنجليزي_للمطبعة_7_12_2019_page-0064.jpg', 4, '2020-10-21 07:32:21', '2020-10-21 07:32:21', 64),
(250, NULL, 'uploads/book/4/أساس_علوم_الدين_إنجليزي_للمطبعة_7_12_2019_page-0065.jpg', 4, '2020-10-21 07:32:21', '2020-10-21 07:32:21', 65),
(251, NULL, 'uploads/book/4/أساس_علوم_الدين_إنجليزي_للمطبعة_7_12_2019_page-0066.jpg', 4, '2020-10-21 07:32:21', '2020-10-21 07:32:21', 66),
(252, NULL, 'uploads/book/4/أساس_علوم_الدين_إنجليزي_للمطبعة_7_12_2019_page-0067.jpg', 4, '2020-10-21 07:32:21', '2020-10-21 07:32:21', 67),
(253, NULL, 'uploads/book/4/أساس_علوم_الدين_إنجليزي_للمطبعة_7_12_2019_page-0068.jpg', 4, '2020-10-21 07:32:21', '2020-10-21 07:32:21', 68),
(254, NULL, 'uploads/book/4/أساس_علوم_الدين_إنجليزي_للمطبعة_7_12_2019_page-0069.jpg', 4, '2020-10-21 07:32:21', '2020-10-21 07:32:21', 69),
(255, NULL, 'uploads/book/4/أساس_علوم_الدين_إنجليزي_للمطبعة_7_12_2019_page-0070.jpg', 4, '2020-10-21 07:32:21', '2020-10-21 07:32:21', 70),
(256, NULL, 'uploads/book/4/أساس_علوم_الدين_إنجليزي_للمطبعة_7_12_2019_page-0071.jpg', 4, '2020-10-21 07:32:21', '2020-10-21 07:32:21', 71),
(257, NULL, 'uploads/book/4/أساس_علوم_الدين_إنجليزي_للمطبعة_7_12_2019_page-0072.jpg', 4, '2020-10-21 07:32:21', '2020-10-21 07:32:21', 72),
(258, NULL, 'uploads/book/4/أساس_علوم_الدين_إنجليزي_للمطبعة_7_12_2019_page-0073.jpg', 4, '2020-10-21 07:32:21', '2020-10-21 07:32:21', 73),
(259, NULL, 'uploads/book/4/أساس_علوم_الدين_إنجليزي_للمطبعة_7_12_2019_page-0074.jpg', 4, '2020-10-21 07:32:21', '2020-10-21 07:32:21', 74),
(260, NULL, 'uploads/book/4/أساس_علوم_الدين_إنجليزي_للمطبعة_7_12_2019_page-0075.jpg', 4, '2020-10-21 07:32:21', '2020-10-21 07:32:21', 75),
(261, NULL, 'uploads/book/4/أساس_علوم_الدين_إنجليزي_للمطبعة_7_12_2019_page-0076.jpg', 4, '2020-10-21 07:32:22', '2020-10-21 07:32:22', 76),
(262, NULL, 'uploads/book/4/أساس_علوم_الدين_إنجليزي_للمطبعة_7_12_2019_page-0077.jpg', 4, '2020-10-21 07:32:22', '2020-10-21 07:32:22', 77),
(263, NULL, 'uploads/book/4/أساس_علوم_الدين_إنجليزي_للمطبعة_7_12_2019_page-0078.jpg', 4, '2020-10-21 07:32:22', '2020-10-21 07:32:22', 78),
(264, NULL, 'uploads/book/4/أساس_علوم_الدين_إنجليزي_للمطبعة_7_12_2019_page-0079.jpg', 4, '2020-10-21 07:32:22', '2020-10-21 07:32:22', 79),
(265, NULL, 'uploads/book/4/أساس_علوم_الدين_إنجليزي_للمطبعة_7_12_2019_page-0080.jpg', 4, '2020-10-21 07:32:22', '2020-10-21 07:32:22', 80),
(266, NULL, 'uploads/book/4/أساس_علوم_الدين_إنجليزي_للمطبعة_7_12_2019_page-0081.jpg', 4, '2020-10-21 07:32:22', '2020-10-21 07:32:22', 81),
(267, NULL, 'uploads/book/4/أساس_علوم_الدين_إنجليزي_للمطبعة_7_12_2019_page-0082.jpg', 4, '2020-10-21 07:32:22', '2020-10-21 07:32:22', 82),
(268, NULL, 'uploads/book/4/أساس_علوم_الدين_إنجليزي_للمطبعة_7_12_2019_page-0083.jpg', 4, '2020-10-21 07:32:22', '2020-10-21 07:32:22', 83),
(269, NULL, 'uploads/book/4/أساس_علوم_الدين_إنجليزي_للمطبعة_7_12_2019_page-0084.jpg', 4, '2020-10-21 07:32:22', '2020-10-21 07:32:22', 84),
(270, NULL, 'uploads/book/4/أساس_علوم_الدين_إنجليزي_للمطبعة_7_12_2019_page-0085.jpg', 4, '2020-10-21 07:32:22', '2020-10-21 07:32:22', 85),
(271, NULL, 'uploads/book/4/أساس_علوم_الدين_إنجليزي_للمطبعة_7_12_2019_page-0086.jpg', 4, '2020-10-21 07:32:22', '2020-10-21 07:32:22', 86),
(272, NULL, 'uploads/book/4/أساس_علوم_الدين_إنجليزي_للمطبعة_7_12_2019_page-0087.jpg', 4, '2020-10-21 07:32:22', '2020-10-21 07:32:22', 87),
(273, NULL, 'uploads/book/4/أساس_علوم_الدين_إنجليزي_للمطبعة_7_12_2019_page-0088.jpg', 4, '2020-10-21 07:32:22', '2020-10-21 07:32:22', 88),
(274, NULL, 'uploads/book/4/أساس_علوم_الدين_إنجليزي_للمطبعة_7_12_2019_page-0089.jpg', 4, '2020-10-21 07:32:22', '2020-10-21 07:32:22', 89),
(275, NULL, 'uploads/book/4/أساس_علوم_الدين_إنجليزي_للمطبعة_7_12_2019_page-0090.jpg', 4, '2020-10-21 07:32:22', '2020-10-21 07:32:22', 90),
(276, NULL, 'uploads/book/4/أساس_علوم_الدين_إنجليزي_للمطبعة_7_12_2019_page-0091.jpg', 4, '2020-10-21 07:32:22', '2020-10-21 07:32:22', 91),
(277, NULL, 'uploads/book/4/أساس_علوم_الدين_إنجليزي_للمطبعة_7_12_2019_page-0092.jpg', 4, '2020-10-21 07:32:22', '2020-10-21 07:32:22', 92),
(278, NULL, 'uploads/book/4/أساس_علوم_الدين_إنجليزي_للمطبعة_7_12_2019_page-0093.jpg', 4, '2020-10-21 07:32:22', '2020-10-21 07:32:22', 93),
(279, NULL, 'uploads/book/4/أساس_علوم_الدين_إنجليزي_للمطبعة_7_12_2019_page-0094.jpg', 4, '2020-10-21 07:32:22', '2020-10-21 07:32:22', 94),
(280, NULL, 'uploads/book/4/أساس_علوم_الدين_إنجليزي_للمطبعة_7_12_2019_page-0095.jpg', 4, '2020-10-21 07:32:22', '2020-10-21 07:32:22', 95),
(281, NULL, 'uploads/book/4/أساس_علوم_الدين_إنجليزي_للمطبعة_7_12_2019_page-0096.jpg', 4, '2020-10-21 07:32:22', '2020-10-21 07:32:22', 96),
(282, NULL, 'uploads/book/4/أساس_علوم_الدين_إنجليزي_للمطبعة_7_12_2019_page-0097.jpg', 4, '2020-10-21 07:32:22', '2020-10-21 07:32:22', 97),
(283, NULL, 'uploads/book/4/أساس_علوم_الدين_إنجليزي_للمطبعة_7_12_2019_page-0098.jpg', 4, '2020-10-21 07:32:22', '2020-10-21 07:32:22', 98),
(284, NULL, 'uploads/book/4/أساس_علوم_الدين_إنجليزي_للمطبعة_7_12_2019_page-0099.jpg', 4, '2020-10-21 07:32:22', '2020-10-21 07:32:22', 99),
(285, NULL, 'uploads/book/4/أساس_علوم_الدين_إنجليزي_للمطبعة_7_12_2019_page-0100.jpg', 4, '2020-10-21 07:32:22', '2020-10-21 07:32:22', 100),
(286, NULL, 'uploads/book/4/أساس_علوم_الدين_إنجليزي_للمطبعة_7_12_2019_page-0101.jpg', 4, '2020-10-21 07:32:22', '2020-10-21 07:32:22', 101),
(287, NULL, 'uploads/book/4/أساس_علوم_الدين_إنجليزي_للمطبعة_7_12_2019_page-0102.jpg', 4, '2020-10-21 07:32:22', '2020-10-21 07:32:22', 102),
(288, NULL, 'uploads/book/4/أساس_علوم_الدين_إنجليزي_للمطبعة_7_12_2019_page-0103.jpg', 4, '2020-10-21 07:32:22', '2020-10-21 07:32:22', 103),
(289, NULL, 'uploads/book/4/أساس_علوم_الدين_إنجليزي_للمطبعة_7_12_2019_page-0104.jpg', 4, '2020-10-21 07:32:22', '2020-10-21 07:32:22', 104),
(290, NULL, 'uploads/book/4/أساس_علوم_الدين_إنجليزي_للمطبعة_7_12_2019_page-0105.jpg', 4, '2020-10-21 07:32:22', '2020-10-21 07:32:22', 105),
(291, NULL, 'uploads/book/4/أساس_علوم_الدين_إنجليزي_للمطبعة_7_12_2019_page-0106.jpg', 4, '2020-10-21 07:32:22', '2020-10-21 07:32:22', 106),
(292, NULL, 'uploads/book/4/أساس_علوم_الدين_إنجليزي_للمطبعة_7_12_2019_page-0107.jpg', 4, '2020-10-21 07:32:22', '2020-10-21 07:32:22', 107),
(293, NULL, 'uploads/book/4/أساس_علوم_الدين_إنجليزي_للمطبعة_7_12_2019_page-0108.jpg', 4, '2020-10-21 07:32:22', '2020-10-21 07:32:22', 108),
(294, NULL, 'uploads/book/4/أساس_علوم_الدين_إنجليزي_للمطبعة_7_12_2019_page-0109.jpg', 4, '2020-10-21 07:32:22', '2020-10-21 07:32:22', 109),
(295, NULL, 'uploads/book/4/أساس_علوم_الدين_إنجليزي_للمطبعة_7_12_2019_page-0110.jpg', 4, '2020-10-21 07:32:22', '2020-10-21 07:32:22', 110),
(296, NULL, 'uploads/book/4/أساس_علوم_الدين_إنجليزي_للمطبعة_7_12_2019_page-0111.jpg', 4, '2020-10-21 07:32:22', '2020-10-21 07:32:22', 111),
(297, NULL, 'uploads/book/5/كتاب_عيد_الروح_تنسيق_جديد8_7_2020بالغلاف_page-0001.jpg', 5, '2020-10-21 07:32:27', '2020-10-21 07:32:27', 1),
(298, NULL, 'uploads/book/5/كتاب_عيد_الروح_تنسيق_جديد8_7_2020بالغلاف_page-0002.jpg', 5, '2020-10-21 07:32:27', '2020-10-21 07:32:27', 2),
(299, NULL, 'uploads/book/5/كتاب_عيد_الروح_تنسيق_جديد8_7_2020بالغلاف_page-0003.jpg', 5, '2020-10-21 07:32:27', '2020-10-21 07:32:27', 3),
(300, NULL, 'uploads/book/5/كتاب_عيد_الروح_تنسيق_جديد8_7_2020بالغلاف_page-0004.jpg', 5, '2020-10-21 07:32:27', '2020-10-21 07:32:27', 4),
(301, NULL, 'uploads/book/5/كتاب_عيد_الروح_تنسيق_جديد8_7_2020بالغلاف_page-0005.jpg', 5, '2020-10-21 07:32:27', '2020-10-21 07:32:27', 5),
(302, NULL, 'uploads/book/5/كتاب_عيد_الروح_تنسيق_جديد8_7_2020بالغلاف_page-0006.jpg', 5, '2020-10-21 07:32:27', '2020-10-21 07:32:27', 6),
(303, NULL, 'uploads/book/5/كتاب_عيد_الروح_تنسيق_جديد8_7_2020بالغلاف_page-0007.jpg', 5, '2020-10-21 07:32:27', '2020-10-21 07:32:27', 7),
(304, NULL, 'uploads/book/5/كتاب_عيد_الروح_تنسيق_جديد8_7_2020بالغلاف_page-0008.jpg', 5, '2020-10-21 07:32:27', '2020-10-21 07:32:27', 8),
(305, NULL, 'uploads/book/5/كتاب_عيد_الروح_تنسيق_جديد8_7_2020بالغلاف_page-0009.jpg', 5, '2020-10-21 07:32:27', '2020-10-21 07:32:27', 9),
(306, NULL, 'uploads/book/5/كتاب_عيد_الروح_تنسيق_جديد8_7_2020بالغلاف_page-0010.jpg', 5, '2020-10-21 07:32:27', '2020-10-21 07:32:27', 10),
(307, NULL, 'uploads/book/5/كتاب_عيد_الروح_تنسيق_جديد8_7_2020بالغلاف_page-0011.jpg', 5, '2020-10-21 07:32:27', '2020-10-21 07:32:27', 11),
(308, NULL, 'uploads/book/5/كتاب_عيد_الروح_تنسيق_جديد8_7_2020بالغلاف_page-0012.jpg', 5, '2020-10-21 07:32:27', '2020-10-21 07:32:27', 12),
(309, NULL, 'uploads/book/5/كتاب_عيد_الروح_تنسيق_جديد8_7_2020بالغلاف_page-0013.jpg', 5, '2020-10-21 07:32:27', '2020-10-21 07:32:27', 13),
(310, NULL, 'uploads/book/5/كتاب_عيد_الروح_تنسيق_جديد8_7_2020بالغلاف_page-0014.jpg', 5, '2020-10-21 07:32:27', '2020-10-21 07:32:27', 14),
(311, NULL, 'uploads/book/5/كتاب_عيد_الروح_تنسيق_جديد8_7_2020بالغلاف_page-0015.jpg', 5, '2020-10-21 07:32:27', '2020-10-21 07:32:27', 15),
(312, NULL, 'uploads/book/5/كتاب_عيد_الروح_تنسيق_جديد8_7_2020بالغلاف_page-0016.jpg', 5, '2020-10-21 07:32:27', '2020-10-21 07:32:27', 16),
(313, NULL, 'uploads/book/5/كتاب_عيد_الروح_تنسيق_جديد8_7_2020بالغلاف_page-0017.jpg', 5, '2020-10-21 07:32:27', '2020-10-21 07:32:27', 17),
(314, NULL, 'uploads/book/5/كتاب_عيد_الروح_تنسيق_جديد8_7_2020بالغلاف_page-0018.jpg', 5, '2020-10-21 07:32:27', '2020-10-21 07:32:27', 18),
(315, NULL, 'uploads/book/5/كتاب_عيد_الروح_تنسيق_جديد8_7_2020بالغلاف_page-0019.jpg', 5, '2020-10-21 07:32:27', '2020-10-21 07:32:27', 19),
(316, NULL, 'uploads/book/5/كتاب_عيد_الروح_تنسيق_جديد8_7_2020بالغلاف_page-0020.jpg', 5, '2020-10-21 07:32:27', '2020-10-21 07:32:27', 20),
(317, NULL, 'uploads/book/5/كتاب_عيد_الروح_تنسيق_جديد8_7_2020بالغلاف_page-0021.jpg', 5, '2020-10-21 07:32:27', '2020-10-21 07:32:27', 21),
(318, NULL, 'uploads/book/5/كتاب_عيد_الروح_تنسيق_جديد8_7_2020بالغلاف_page-0022.jpg', 5, '2020-10-21 07:32:27', '2020-10-21 07:32:27', 22),
(319, NULL, 'uploads/book/5/كتاب_عيد_الروح_تنسيق_جديد8_7_2020بالغلاف_page-0023.jpg', 5, '2020-10-21 07:32:27', '2020-10-21 07:32:27', 23),
(320, NULL, 'uploads/book/5/كتاب_عيد_الروح_تنسيق_جديد8_7_2020بالغلاف_page-0024.jpg', 5, '2020-10-21 07:32:27', '2020-10-21 07:32:27', 24),
(321, NULL, 'uploads/book/5/كتاب_عيد_الروح_تنسيق_جديد8_7_2020بالغلاف_page-0025.jpg', 5, '2020-10-21 07:32:27', '2020-10-21 07:32:27', 25),
(322, NULL, 'uploads/book/5/كتاب_عيد_الروح_تنسيق_جديد8_7_2020بالغلاف_page-0026.jpg', 5, '2020-10-21 07:32:27', '2020-10-21 07:32:27', 26),
(323, NULL, 'uploads/book/5/كتاب_عيد_الروح_تنسيق_جديد8_7_2020بالغلاف_page-0027.jpg', 5, '2020-10-21 07:32:27', '2020-10-21 07:32:27', 27),
(324, NULL, 'uploads/book/5/كتاب_عيد_الروح_تنسيق_جديد8_7_2020بالغلاف_page-0028.jpg', 5, '2020-10-21 07:32:27', '2020-10-21 07:32:27', 28),
(325, NULL, 'uploads/book/5/كتاب_عيد_الروح_تنسيق_جديد8_7_2020بالغلاف_page-0029.jpg', 5, '2020-10-21 07:32:27', '2020-10-21 07:32:27', 29),
(326, NULL, 'uploads/book/5/كتاب_عيد_الروح_تنسيق_جديد8_7_2020بالغلاف_page-0030.jpg', 5, '2020-10-21 07:32:27', '2020-10-21 07:32:27', 30),
(327, NULL, 'uploads/book/5/كتاب_عيد_الروح_تنسيق_جديد8_7_2020بالغلاف_page-0031.jpg', 5, '2020-10-21 07:32:27', '2020-10-21 07:32:27', 31),
(328, NULL, 'uploads/book/5/كتاب_عيد_الروح_تنسيق_جديد8_7_2020بالغلاف_page-0032.jpg', 5, '2020-10-21 07:32:27', '2020-10-21 07:32:27', 32),
(329, NULL, 'uploads/book/5/كتاب_عيد_الروح_تنسيق_جديد8_7_2020بالغلاف_page-0033.jpg', 5, '2020-10-21 07:32:28', '2020-10-21 07:32:28', 33),
(330, NULL, 'uploads/book/5/كتاب_عيد_الروح_تنسيق_جديد8_7_2020بالغلاف_page-0034.jpg', 5, '2020-10-21 07:32:28', '2020-10-21 07:32:28', 34),
(331, NULL, 'uploads/book/5/كتاب_عيد_الروح_تنسيق_جديد8_7_2020بالغلاف_page-0035.jpg', 5, '2020-10-21 07:32:28', '2020-10-21 07:32:28', 35),
(332, NULL, 'uploads/book/5/كتاب_عيد_الروح_تنسيق_جديد8_7_2020بالغلاف_page-0036.jpg', 5, '2020-10-21 07:32:28', '2020-10-21 07:32:28', 36),
(333, NULL, 'uploads/book/5/كتاب_عيد_الروح_تنسيق_جديد8_7_2020بالغلاف_page-0037.jpg', 5, '2020-10-21 07:32:28', '2020-10-21 07:32:28', 37),
(334, NULL, 'uploads/book/5/كتاب_عيد_الروح_تنسيق_جديد8_7_2020بالغلاف_page-0038.jpg', 5, '2020-10-21 07:32:28', '2020-10-21 07:32:28', 38),
(335, NULL, 'uploads/book/5/كتاب_عيد_الروح_تنسيق_جديد8_7_2020بالغلاف_page-0039.jpg', 5, '2020-10-21 07:32:28', '2020-10-21 07:32:28', 39),
(336, NULL, 'uploads/book/5/كتاب_عيد_الروح_تنسيق_جديد8_7_2020بالغلاف_page-0040.jpg', 5, '2020-10-21 07:32:28', '2020-10-21 07:32:28', 40),
(337, NULL, 'uploads/book/5/كتاب_عيد_الروح_تنسيق_جديد8_7_2020بالغلاف_page-0041.jpg', 5, '2020-10-21 07:32:28', '2020-10-21 07:32:28', 41),
(338, NULL, 'uploads/book/5/كتاب_عيد_الروح_تنسيق_جديد8_7_2020بالغلاف_page-0042.jpg', 5, '2020-10-21 07:32:28', '2020-10-21 07:32:28', 42),
(339, NULL, 'uploads/book/5/كتاب_عيد_الروح_تنسيق_جديد8_7_2020بالغلاف_page-0043.jpg', 5, '2020-10-21 07:32:28', '2020-10-21 07:32:28', 43),
(340, NULL, 'uploads/book/5/كتاب_عيد_الروح_تنسيق_جديد8_7_2020بالغلاف_page-0044.jpg', 5, '2020-10-21 07:32:28', '2020-10-21 07:32:28', 44),
(341, NULL, 'uploads/book/5/كتاب_عيد_الروح_تنسيق_جديد8_7_2020بالغلاف_page-0045.jpg', 5, '2020-10-21 07:32:28', '2020-10-21 07:32:28', 45),
(342, NULL, 'uploads/book/5/كتاب_عيد_الروح_تنسيق_جديد8_7_2020بالغلاف_page-0046.jpg', 5, '2020-10-21 07:32:28', '2020-10-21 07:32:28', 46),
(343, NULL, 'uploads/book/5/كتاب_عيد_الروح_تنسيق_جديد8_7_2020بالغلاف_page-0047.jpg', 5, '2020-10-21 07:32:28', '2020-10-21 07:32:28', 47),
(344, NULL, 'uploads/book/5/كتاب_عيد_الروح_تنسيق_جديد8_7_2020بالغلاف_page-0048.jpg', 5, '2020-10-21 07:32:28', '2020-10-21 07:32:28', 48),
(345, NULL, 'uploads/book/5/كتاب_عيد_الروح_تنسيق_جديد8_7_2020بالغلاف_page-0049.jpg', 5, '2020-10-21 07:32:28', '2020-10-21 07:32:28', 49),
(346, NULL, 'uploads/book/5/كتاب_عيد_الروح_تنسيق_جديد8_7_2020بالغلاف_page-0050.jpg', 5, '2020-10-21 07:32:28', '2020-10-21 07:32:28', 50),
(347, NULL, 'uploads/book/5/كتاب_عيد_الروح_تنسيق_جديد8_7_2020بالغلاف_page-0051.jpg', 5, '2020-10-21 07:32:28', '2020-10-21 07:32:28', 51),
(348, NULL, 'uploads/book/5/كتاب_عيد_الروح_تنسيق_جديد8_7_2020بالغلاف_page-0052.jpg', 5, '2020-10-21 07:32:28', '2020-10-21 07:32:28', 52),
(349, NULL, 'uploads/book/5/كتاب_عيد_الروح_تنسيق_جديد8_7_2020بالغلاف_page-0053.jpg', 5, '2020-10-21 07:32:28', '2020-10-21 07:32:28', 53),
(350, NULL, 'uploads/book/5/كتاب_عيد_الروح_تنسيق_جديد8_7_2020بالغلاف_page-0054.jpg', 5, '2020-10-21 07:32:28', '2020-10-21 07:32:28', 54),
(351, NULL, 'uploads/book/5/كتاب_عيد_الروح_تنسيق_جديد8_7_2020بالغلاف_page-0055.jpg', 5, '2020-10-21 07:32:28', '2020-10-21 07:32:28', 55),
(352, NULL, 'uploads/book/5/كتاب_عيد_الروح_تنسيق_جديد8_7_2020بالغلاف_page-0056.jpg', 5, '2020-10-21 07:32:28', '2020-10-21 07:32:28', 56),
(353, NULL, 'uploads/book/5/كتاب_عيد_الروح_تنسيق_جديد8_7_2020بالغلاف_page-0057.jpg', 5, '2020-10-21 07:32:28', '2020-10-21 07:32:28', 57),
(354, NULL, 'uploads/book/5/كتاب_عيد_الروح_تنسيق_جديد8_7_2020بالغلاف_page-0058.jpg', 5, '2020-10-21 07:32:28', '2020-10-21 07:32:28', 58),
(355, NULL, 'uploads/book/5/كتاب_عيد_الروح_تنسيق_جديد8_7_2020بالغلاف_page-0059.jpg', 5, '2020-10-21 07:32:28', '2020-10-21 07:32:28', 59),
(356, NULL, 'uploads/book/5/كتاب_عيد_الروح_تنسيق_جديد8_7_2020بالغلاف_page-0060.jpg', 5, '2020-10-21 07:32:28', '2020-10-21 07:32:28', 60),
(357, NULL, 'uploads/book/5/كتاب_عيد_الروح_تنسيق_جديد8_7_2020بالغلاف_page-0061.jpg', 5, '2020-10-21 07:32:28', '2020-10-21 07:32:28', 61),
(358, NULL, 'uploads/book/5/كتاب_عيد_الروح_تنسيق_جديد8_7_2020بالغلاف_page-0062.jpg', 5, '2020-10-21 07:32:28', '2020-10-21 07:32:28', 62),
(359, NULL, 'uploads/book/5/كتاب_عيد_الروح_تنسيق_جديد8_7_2020بالغلاف_page-0063.jpg', 5, '2020-10-21 07:32:28', '2020-10-21 07:32:28', 63),
(360, NULL, 'uploads/book/5/كتاب_عيد_الروح_تنسيق_جديد8_7_2020بالغلاف_page-0064.jpg', 5, '2020-10-21 07:32:28', '2020-10-21 07:32:28', 64),
(361, NULL, 'uploads/book/5/كتاب_عيد_الروح_تنسيق_جديد8_7_2020بالغلاف_page-0065.jpg', 5, '2020-10-21 07:32:28', '2020-10-21 07:32:28', 65),
(362, NULL, 'uploads/book/5/كتاب_عيد_الروح_تنسيق_جديد8_7_2020بالغلاف_page-0066.jpg', 5, '2020-10-21 07:32:28', '2020-10-21 07:32:28', 66),
(363, NULL, 'uploads/book/5/كتاب_عيد_الروح_تنسيق_جديد8_7_2020بالغلاف_page-0067.jpg', 5, '2020-10-21 07:32:28', '2020-10-21 07:32:28', 67),
(364, NULL, 'uploads/book/5/كتاب_عيد_الروح_تنسيق_جديد8_7_2020بالغلاف_page-0068.jpg', 5, '2020-10-21 07:32:28', '2020-10-21 07:32:28', 68),
(365, NULL, 'uploads/book/5/كتاب_عيد_الروح_تنسيق_جديد8_7_2020بالغلاف_page-0069.jpg', 5, '2020-10-21 07:32:28', '2020-10-21 07:32:28', 69),
(366, NULL, 'uploads/book/5/كتاب_عيد_الروح_تنسيق_جديد8_7_2020بالغلاف_page-0070.jpg', 5, '2020-10-21 07:32:28', '2020-10-21 07:32:28', 70),
(367, NULL, 'uploads/book/5/كتاب_عيد_الروح_تنسيق_جديد8_7_2020بالغلاف_page-0071.jpg', 5, '2020-10-21 07:32:29', '2020-10-21 07:32:29', 71),
(368, NULL, 'uploads/book/5/كتاب_عيد_الروح_تنسيق_جديد8_7_2020بالغلاف_page-0072.jpg', 5, '2020-10-21 07:32:29', '2020-10-21 07:32:29', 72),
(369, NULL, 'uploads/book/5/كتاب_عيد_الروح_تنسيق_جديد8_7_2020بالغلاف_page-0073.jpg', 5, '2020-10-21 07:32:29', '2020-10-21 07:32:29', 73),
(370, NULL, 'uploads/book/5/كتاب_عيد_الروح_تنسيق_جديد8_7_2020بالغلاف_page-0074.jpg', 5, '2020-10-21 07:32:29', '2020-10-21 07:32:29', 74),
(371, NULL, 'uploads/book/5/كتاب_عيد_الروح_تنسيق_جديد8_7_2020بالغلاف_page-0075.jpg', 5, '2020-10-21 07:32:29', '2020-10-21 07:32:29', 75),
(372, NULL, 'uploads/book/5/كتاب_عيد_الروح_تنسيق_جديد8_7_2020بالغلاف_page-0076.jpg', 5, '2020-10-21 07:32:29', '2020-10-21 07:32:29', 76),
(373, NULL, 'uploads/book/5/كتاب_عيد_الروح_تنسيق_جديد8_7_2020بالغلاف_page-0077.jpg', 5, '2020-10-21 07:32:29', '2020-10-21 07:32:29', 77),
(374, NULL, 'uploads/book/5/كتاب_عيد_الروح_تنسيق_جديد8_7_2020بالغلاف_page-0078.jpg', 5, '2020-10-21 07:32:29', '2020-10-21 07:32:29', 78),
(375, NULL, 'uploads/book/5/كتاب_عيد_الروح_تنسيق_جديد8_7_2020بالغلاف_page-0079.jpg', 5, '2020-10-21 07:32:29', '2020-10-21 07:32:29', 79),
(376, NULL, 'uploads/book/5/كتاب_عيد_الروح_تنسيق_جديد8_7_2020بالغلاف_page-0080.jpg', 5, '2020-10-21 07:32:29', '2020-10-21 07:32:29', 80),
(377, NULL, 'uploads/book/5/كتاب_عيد_الروح_تنسيق_جديد8_7_2020بالغلاف_page-0081.jpg', 5, '2020-10-21 07:32:29', '2020-10-21 07:32:29', 81),
(378, NULL, 'uploads/book/5/كتاب_عيد_الروح_تنسيق_جديد8_7_2020بالغلاف_page-0082.jpg', 5, '2020-10-21 07:32:29', '2020-10-21 07:32:29', 82),
(379, NULL, 'uploads/book/5/كتاب_عيد_الروح_تنسيق_جديد8_7_2020بالغلاف_page-0083.jpg', 5, '2020-10-21 07:32:29', '2020-10-21 07:32:29', 83),
(380, NULL, 'uploads/book/5/كتاب_عيد_الروح_تنسيق_جديد8_7_2020بالغلاف_page-0084.jpg', 5, '2020-10-21 07:32:29', '2020-10-21 07:32:29', 84),
(381, NULL, 'uploads/book/5/كتاب_عيد_الروح_تنسيق_جديد8_7_2020بالغلاف_page-0085.jpg', 5, '2020-10-21 07:32:29', '2020-10-21 07:32:29', 85),
(382, NULL, 'uploads/book/5/كتاب_عيد_الروح_تنسيق_جديد8_7_2020بالغلاف_page-0086.jpg', 5, '2020-10-21 07:32:29', '2020-10-21 07:32:29', 86),
(383, NULL, 'uploads/book/1/1.jpg', 1, '2020-10-21 07:32:33', '2020-10-21 07:32:33', 1),
(384, NULL, 'uploads/book/1/2.jpg', 1, '2020-10-21 07:32:34', '2020-10-21 07:32:34', 2),
(385, NULL, 'uploads/book/1/3.jpg', 1, '2020-10-21 07:32:34', '2020-10-21 07:32:34', 3),
(386, NULL, 'uploads/book/1/4.jpg', 1, '2020-10-21 07:32:34', '2020-10-21 07:32:34', 4),
(387, NULL, 'uploads/book/1/5.jpg', 1, '2020-10-21 07:32:34', '2020-10-21 07:32:34', 5),
(388, NULL, 'uploads/book/1/6.jpg', 1, '2020-10-21 07:32:34', '2020-10-21 07:32:34', 6),
(389, NULL, 'uploads/book/1/أساس_علوم_الدين_عربي8_7_2020_بالغلاف_page-0007.jpg', 1, '2020-10-21 07:32:34', '2020-10-21 07:32:34', 7),
(390, NULL, 'uploads/book/1/أساس_علوم_الدين_عربي8_7_2020_بالغلاف_page-0008.jpg', 1, '2020-10-21 07:32:34', '2020-10-21 07:32:34', 8),
(391, NULL, 'uploads/book/1/أساس_علوم_الدين_عربي8_7_2020_بالغلاف_page-0009.jpg', 1, '2020-10-21 07:32:34', '2020-10-21 07:32:34', 9),
(392, NULL, 'uploads/book/1/أساس_علوم_الدين_عربي8_7_2020_بالغلاف_page-0010.jpg', 1, '2020-10-21 07:32:34', '2020-10-21 07:32:34', 10),
(393, NULL, 'uploads/book/1/أساس_علوم_الدين_عربي8_7_2020_بالغلاف_page-0011.jpg', 1, '2020-10-21 07:32:34', '2020-10-21 07:32:34', 11),
(394, NULL, 'uploads/book/1/أساس_علوم_الدين_عربي8_7_2020_بالغلاف_page-0012.jpg', 1, '2020-10-21 07:32:34', '2020-10-21 07:32:34', 12),
(395, NULL, 'uploads/book/1/أساس_علوم_الدين_عربي8_7_2020_بالغلاف_page-0013.jpg', 1, '2020-10-21 07:32:34', '2020-10-21 07:32:34', 13),
(396, NULL, 'uploads/book/1/أساس_علوم_الدين_عربي8_7_2020_بالغلاف_page-0014.jpg', 1, '2020-10-21 07:32:34', '2020-10-21 07:32:34', 14),
(397, NULL, 'uploads/book/1/أساس_علوم_الدين_عربي8_7_2020_بالغلاف_page-0015.jpg', 1, '2020-10-21 07:32:34', '2020-10-21 07:32:34', 15),
(398, NULL, 'uploads/book/1/أساس_علوم_الدين_عربي8_7_2020_بالغلاف_page-0016.jpg', 1, '2020-10-21 07:32:34', '2020-10-21 07:32:34', 16),
(399, NULL, 'uploads/book/1/أساس_علوم_الدين_عربي8_7_2020_بالغلاف_page-0017.jpg', 1, '2020-10-21 07:32:34', '2020-10-21 07:32:34', 17),
(400, NULL, 'uploads/book/1/أساس_علوم_الدين_عربي8_7_2020_بالغلاف_page-0018.jpg', 1, '2020-10-21 07:32:34', '2020-10-21 07:32:34', 18),
(401, NULL, 'uploads/book/1/أساس_علوم_الدين_عربي8_7_2020_بالغلاف_page-0019.jpg', 1, '2020-10-21 07:32:34', '2020-10-21 07:32:34', 19),
(402, NULL, 'uploads/book/1/أساس_علوم_الدين_عربي8_7_2020_بالغلاف_page-0020.jpg', 1, '2020-10-21 07:32:34', '2020-10-21 07:32:34', 20),
(403, NULL, 'uploads/book/1/أساس_علوم_الدين_عربي8_7_2020_بالغلاف_page-0021.jpg', 1, '2020-10-21 07:32:34', '2020-10-21 07:32:34', 21),
(404, NULL, 'uploads/book/1/أساس_علوم_الدين_عربي8_7_2020_بالغلاف_page-0022.jpg', 1, '2020-10-21 07:32:34', '2020-10-21 07:32:34', 22),
(405, NULL, 'uploads/book/1/أساس_علوم_الدين_عربي8_7_2020_بالغلاف_page-0023.jpg', 1, '2020-10-21 07:32:34', '2020-10-21 07:32:34', 23),
(406, NULL, 'uploads/book/1/أساس_علوم_الدين_عربي8_7_2020_بالغلاف_page-0024.jpg', 1, '2020-10-21 07:32:34', '2020-10-21 07:32:34', 24),
(407, NULL, 'uploads/book/1/أساس_علوم_الدين_عربي8_7_2020_بالغلاف_page-0025.jpg', 1, '2020-10-21 07:32:34', '2020-10-21 07:32:34', 25),
(408, NULL, 'uploads/book/1/أساس_علوم_الدين_عربي8_7_2020_بالغلاف_page-0026.jpg', 1, '2020-10-21 07:32:34', '2020-10-21 07:32:34', 26),
(409, NULL, 'uploads/book/1/أساس_علوم_الدين_عربي8_7_2020_بالغلاف_page-0027.jpg', 1, '2020-10-21 07:32:34', '2020-10-21 07:32:34', 27),
(410, NULL, 'uploads/book/1/أساس_علوم_الدين_عربي8_7_2020_بالغلاف_page-0028.jpg', 1, '2020-10-21 07:32:34', '2020-10-21 07:32:34', 28),
(411, NULL, 'uploads/book/1/أساس_علوم_الدين_عربي8_7_2020_بالغلاف_page-0029.jpg', 1, '2020-10-21 07:32:34', '2020-10-21 07:32:34', 29),
(412, NULL, 'uploads/book/1/أساس_علوم_الدين_عربي8_7_2020_بالغلاف_page-0030.jpg', 1, '2020-10-21 07:32:34', '2020-10-21 07:32:34', 30),
(413, NULL, 'uploads/book/1/أساس_علوم_الدين_عربي8_7_2020_بالغلاف_page-0031.jpg', 1, '2020-10-21 07:32:34', '2020-10-21 07:32:34', 31),
(414, NULL, 'uploads/book/1/أساس_علوم_الدين_عربي8_7_2020_بالغلاف_page-0032.jpg', 1, '2020-10-21 07:32:34', '2020-10-21 07:32:34', 32),
(415, NULL, 'uploads/book/1/أساس_علوم_الدين_عربي8_7_2020_بالغلاف_page-0033.jpg', 1, '2020-10-21 07:32:34', '2020-10-21 07:32:34', 33),
(416, NULL, 'uploads/book/1/أساس_علوم_الدين_عربي8_7_2020_بالغلاف_page-0034.jpg', 1, '2020-10-21 07:32:34', '2020-10-21 07:32:34', 34),
(417, NULL, 'uploads/book/1/أساس_علوم_الدين_عربي8_7_2020_بالغلاف_page-0035.jpg', 1, '2020-10-21 07:32:34', '2020-10-21 07:32:34', 35),
(418, NULL, 'uploads/book/1/أساس_علوم_الدين_عربي8_7_2020_بالغلاف_page-0036.jpg', 1, '2020-10-21 07:32:34', '2020-10-21 07:32:34', 36),
(419, NULL, 'uploads/book/1/أساس_علوم_الدين_عربي8_7_2020_بالغلاف_page-0037.jpg', 1, '2020-10-21 07:32:34', '2020-10-21 07:32:34', 37),
(420, NULL, 'uploads/book/1/أساس_علوم_الدين_عربي8_7_2020_بالغلاف_page-0038.jpg', 1, '2020-10-21 07:32:34', '2020-10-21 07:32:34', 38),
(421, NULL, 'uploads/book/1/أساس_علوم_الدين_عربي8_7_2020_بالغلاف_page-0039.jpg', 1, '2020-10-21 07:32:34', '2020-10-21 07:32:34', 39),
(422, NULL, 'uploads/book/1/أساس_علوم_الدين_عربي8_7_2020_بالغلاف_page-0040.jpg', 1, '2020-10-21 07:32:34', '2020-10-21 07:32:34', 40),
(423, NULL, 'uploads/book/1/أساس_علوم_الدين_عربي8_7_2020_بالغلاف_page-0041.jpg', 1, '2020-10-21 07:32:34', '2020-10-21 07:32:34', 41),
(424, NULL, 'uploads/book/1/أساس_علوم_الدين_عربي8_7_2020_بالغلاف_page-0042.jpg', 1, '2020-10-21 07:32:34', '2020-10-21 07:32:34', 42),
(425, NULL, 'uploads/book/1/أساس_علوم_الدين_عربي8_7_2020_بالغلاف_page-0043.jpg', 1, '2020-10-21 07:32:34', '2020-10-21 07:32:34', 43),
(426, NULL, 'uploads/book/1/أساس_علوم_الدين_عربي8_7_2020_بالغلاف_page-0044.jpg', 1, '2020-10-21 07:32:34', '2020-10-21 07:32:34', 44),
(427, NULL, 'uploads/book/1/أساس_علوم_الدين_عربي8_7_2020_بالغلاف_page-0045.jpg', 1, '2020-10-21 07:32:34', '2020-10-21 07:32:34', 45),
(428, NULL, 'uploads/book/1/أساس_علوم_الدين_عربي8_7_2020_بالغلاف_page-0046.jpg', 1, '2020-10-21 07:32:34', '2020-10-21 07:32:34', 46),
(429, NULL, 'uploads/book/1/أساس_علوم_الدين_عربي8_7_2020_بالغلاف_page-0047.jpg', 1, '2020-10-21 07:32:34', '2020-10-21 07:32:34', 47),
(430, NULL, 'uploads/book/1/أساس_علوم_الدين_عربي8_7_2020_بالغلاف_page-0048.jpg', 1, '2020-10-21 07:32:34', '2020-10-21 07:32:34', 48),
(431, NULL, 'uploads/book/1/أساس_علوم_الدين_عربي8_7_2020_بالغلاف_page-0049.jpg', 1, '2020-10-21 07:32:34', '2020-10-21 07:32:34', 49),
(432, NULL, 'uploads/book/1/أساس_علوم_الدين_عربي8_7_2020_بالغلاف_page-0050.jpg', 1, '2020-10-21 07:32:34', '2020-10-21 07:32:34', 50),
(433, NULL, 'uploads/book/1/أساس_علوم_الدين_عربي8_7_2020_بالغلاف_page-0051.jpg', 1, '2020-10-21 07:32:34', '2020-10-21 07:32:34', 51),
(434, NULL, 'uploads/book/1/أساس_علوم_الدين_عربي8_7_2020_بالغلاف_page-0052.jpg', 1, '2020-10-21 07:32:34', '2020-10-21 07:32:34', 52),
(435, NULL, 'uploads/book/1/أساس_علوم_الدين_عربي8_7_2020_بالغلاف_page-0053.jpg', 1, '2020-10-21 07:32:34', '2020-10-21 07:32:34', 53),
(436, NULL, 'uploads/book/1/أساس_علوم_الدين_عربي8_7_2020_بالغلاف_page-0054.jpg', 1, '2020-10-21 07:32:34', '2020-10-21 07:32:34', 54),
(437, NULL, 'uploads/book/1/أساس_علوم_الدين_عربي8_7_2020_بالغلاف_page-0055.jpg', 1, '2020-10-21 07:32:34', '2020-10-21 07:32:34', 55),
(438, NULL, 'uploads/book/1/أساس_علوم_الدين_عربي8_7_2020_بالغلاف_page-0056.jpg', 1, '2020-10-21 07:32:34', '2020-10-21 07:32:34', 56),
(439, NULL, 'uploads/book/1/أساس_علوم_الدين_عربي8_7_2020_بالغلاف_page-0057.jpg', 1, '2020-10-21 07:32:34', '2020-10-21 07:32:34', 57),
(440, NULL, 'uploads/book/1/أساس_علوم_الدين_عربي8_7_2020_بالغلاف_page-0058.jpg', 1, '2020-10-21 07:32:34', '2020-10-21 07:32:34', 58),
(441, NULL, 'uploads/book/1/أساس_علوم_الدين_عربي8_7_2020_بالغلاف_page-0059.jpg', 1, '2020-10-21 07:32:34', '2020-10-21 07:32:34', 59),
(442, NULL, 'uploads/book/1/أساس_علوم_الدين_عربي8_7_2020_بالغلاف_page-0060.jpg', 1, '2020-10-21 07:32:34', '2020-10-21 07:32:34', 60),
(443, NULL, 'uploads/book/1/أساس_علوم_الدين_عربي8_7_2020_بالغلاف_page-0061.jpg', 1, '2020-10-21 07:32:34', '2020-10-21 07:32:34', 61),
(444, NULL, 'uploads/book/1/أساس_علوم_الدين_عربي8_7_2020_بالغلاف_page-0062.jpg', 1, '2020-10-21 07:32:34', '2020-10-21 07:32:34', 62),
(445, NULL, 'uploads/book/1/أساس_علوم_الدين_عربي8_7_2020_بالغلاف_page-0063.jpg', 1, '2020-10-21 07:32:34', '2020-10-21 07:32:34', 63),
(446, NULL, 'uploads/book/1/أساس_علوم_الدين_عربي8_7_2020_بالغلاف_page-0064.jpg', 1, '2020-10-21 07:32:34', '2020-10-21 07:32:34', 64),
(447, NULL, 'uploads/book/1/أساس_علوم_الدين_عربي8_7_2020_بالغلاف_page-0065.jpg', 1, '2020-10-21 07:32:34', '2020-10-21 07:32:34', 65),
(448, NULL, 'uploads/book/1/أساس_علوم_الدين_عربي8_7_2020_بالغلاف_page-0066.jpg', 1, '2020-10-21 07:32:34', '2020-10-21 07:32:34', 66),
(449, NULL, 'uploads/book/1/أساس_علوم_الدين_عربي8_7_2020_بالغلاف_page-0067.jpg', 1, '2020-10-21 07:32:34', '2020-10-21 07:32:34', 67),
(450, NULL, 'uploads/book/1/أساس_علوم_الدين_عربي8_7_2020_بالغلاف_page-0068.jpg', 1, '2020-10-21 07:32:34', '2020-10-21 07:32:34', 68),
(451, NULL, 'uploads/book/1/أساس_علوم_الدين_عربي8_7_2020_بالغلاف_page-0069.jpg', 1, '2020-10-21 07:32:34', '2020-10-21 07:32:34', 69),
(452, NULL, 'uploads/book/1/أساس_علوم_الدين_عربي8_7_2020_بالغلاف_page-0070.jpg', 1, '2020-10-21 07:32:34', '2020-10-21 07:32:34', 70),
(453, NULL, 'uploads/book/1/أساس_علوم_الدين_عربي8_7_2020_بالغلاف_page-0071.jpg', 1, '2020-10-21 07:32:34', '2020-10-21 07:32:34', 71),
(454, NULL, 'uploads/book/1/أساس_علوم_الدين_عربي8_7_2020_بالغلاف_page-0072.jpg', 1, '2020-10-21 07:32:34', '2020-10-21 07:32:34', 72),
(455, NULL, 'uploads/book/1/أساس_علوم_الدين_عربي8_7_2020_بالغلاف_page-0073.jpg', 1, '2020-10-21 07:32:34', '2020-10-21 07:32:34', 73),
(456, NULL, 'uploads/book/1/أساس_علوم_الدين_عربي8_7_2020_بالغلاف_page-0074.jpg', 1, '2020-10-21 07:32:34', '2020-10-21 07:32:34', 74),
(457, NULL, 'uploads/book/1/أساس_علوم_الدين_عربي8_7_2020_بالغلاف_page-0075.jpg', 1, '2020-10-21 07:32:34', '2020-10-21 07:32:34', 75);
INSERT INTO `book_photos` (`id`, `page_number`, `photo_path`, `book_id`, `created_at`, `updated_at`, `order`) VALUES
(458, NULL, 'uploads/book/1/أساس_علوم_الدين_عربي8_7_2020_بالغلاف_page-0076.jpg', 1, '2020-10-21 07:32:34', '2020-10-21 07:32:34', 76),
(459, NULL, 'uploads/book/1/أساس_علوم_الدين_عربي8_7_2020_بالغلاف_page-0077.jpg', 1, '2020-10-21 07:32:34', '2020-10-21 07:32:34', 77),
(460, NULL, 'uploads/book/1/أساس_علوم_الدين_عربي8_7_2020_بالغلاف_page-0078.jpg', 1, '2020-10-21 07:32:34', '2020-10-21 07:32:34', 78),
(461, NULL, 'uploads/book/1/أساس_علوم_الدين_عربي8_7_2020_بالغلاف_page-0079.jpg', 1, '2020-10-21 07:32:35', '2020-10-21 07:32:35', 79),
(462, NULL, 'uploads/book/1/أساس_علوم_الدين_عربي8_7_2020_بالغلاف_page-0080.jpg', 1, '2020-10-21 07:32:35', '2020-10-21 07:32:35', 80),
(463, NULL, 'uploads/book/1/أساس_علوم_الدين_عربي8_7_2020_بالغلاف_page-0081.jpg', 1, '2020-10-21 07:32:35', '2020-10-21 07:32:35', 81),
(464, NULL, 'uploads/book/1/أساس_علوم_الدين_عربي8_7_2020_بالغلاف_page-0082.jpg', 1, '2020-10-21 07:32:35', '2020-10-21 07:32:35', 82),
(465, NULL, 'uploads/book/1/أساس_علوم_الدين_عربي8_7_2020_بالغلاف_page-0083.jpg', 1, '2020-10-21 07:32:35', '2020-10-21 07:32:35', 83),
(466, NULL, 'uploads/book/1/أساس_علوم_الدين_عربي8_7_2020_بالغلاف_page-0084.jpg', 1, '2020-10-21 07:32:35', '2020-10-21 07:32:35', 84),
(467, NULL, 'uploads/book/1/أساس_علوم_الدين_عربي8_7_2020_بالغلاف_page-0085.jpg', 1, '2020-10-21 07:32:35', '2020-10-21 07:32:35', 85);

-- --------------------------------------------------------

--
-- Table structure for table `categories`
--

CREATE TABLE `categories` (
  `id` int(10) UNSIGNED NOT NULL,
  `name` varchar(255) COLLATE utf8mb4_unicode_ci NOT NULL,
  `created_at` timestamp NULL DEFAULT NULL,
  `updated_at` timestamp NULL DEFAULT NULL
) ENGINE=InnoDB DEFAULT CHARSET=utf8mb4 COLLATE=utf8mb4_unicode_ci;

--
-- Dumping data for table `categories`
--

INSERT INTO `categories` (`id`, `name`, `created_at`, `updated_at`) VALUES
(5, 'محاضرات', '2017-04-12 13:20:41', '2017-04-12 13:20:41'),
(6, 'رحلات', '2017-04-12 13:20:52', '2017-04-12 13:20:52'),
(7, 'مقابلات', '2017-04-12 13:21:24', '2017-04-12 13:21:24'),
(8, 'برامج', '2017-04-12 13:21:33', '2017-04-12 13:21:33'),
(9, 'كواليس', '2017-04-12 13:21:45', '2017-04-12 13:21:45'),
(10, 'زيارات', '2017-04-12 13:21:54', '2017-04-12 13:21:54'),
(11, 'لقاءات', '2017-04-12 13:21:59', '2017-04-12 13:21:59');

-- --------------------------------------------------------

--
-- Table structure for table `contacts`
--

CREATE TABLE `contacts` (
  `id` int(10) UNSIGNED NOT NULL,
  `name` varchar(255) COLLATE utf8mb4_unicode_ci NOT NULL,
  `email` varchar(255) COLLATE utf8mb4_unicode_ci NOT NULL,
  `message` text COLLATE utf8mb4_unicode_ci NOT NULL,
  `created_at` timestamp NULL DEFAULT NULL,
  `updated_at` timestamp NULL DEFAULT NULL
) ENGINE=InnoDB DEFAULT CHARSET=utf8mb4 COLLATE=utf8mb4_unicode_ci;

--
-- Dumping data for table `contacts`
--

INSERT INTO `contacts` (`id`, `name`, `email`, `message`, `created_at`, `updated_at`) VALUES
(1, 'أحمد فكري', 'ahmedfikry78@gmaill.cim', 'sdfff', '2017-04-12 10:13:52', '2017-04-12 10:13:52'),
(2, 'شسي', 'ahmedfikry78@gmaill.cim', 'سييي', '2017-04-12 10:15:35', '2017-04-12 10:15:35'),
(3, 'erwer', 'wqewq@21321.com', 'ewrew', '2017-04-20 16:30:50', '2017-04-20 16:30:50'),
(5, 'hi ', 'emad@ivas.com.ef', 'hi mesage', '2017-04-22 07:02:57', '2017-04-22 07:02:57'),
(6, 'Ed Miller', 'data4ceos07052017@gmail.com', 'We are offering our 13 Million U.S. BUSINESS Database for only $299 - limited time only.\r\nThis is our 2017 Edition and is available for 72 hours!\r\n\r\nBuy this database and download it instantly here: http://bit.do/dnYmW\r\n\r\nThis list includes \r\n\r\n> Business Name\r\n> Contact\r\n> Address\r\n> Phone\r\n> Fax\r\n> E-mail\r\n> Address\r\n> SIC\r\n\r\nPurchase This Database and Download Your File Instantly here: \r\nhttp://bit.do/dnYmW\r\n\r\nVisit our website for a FREE sample: http://bit.do/dnYmW\r\n\r\nCheers,\r\n\r\n--\r\nEdward Miller | Database Specialist\r\nMass Marketing, Inc.\r\nDirect Toll : 1 (888) 406-8880 Ext 303\r\nSkype: massmarketing1\r\nhttp://bit.do/dnYmW\r\n\r\n\r\n\r\nTo Stop future offers - go here:\r\nhttp://www.optout.ga/index.html#url=http://www.eltalhyofficial.com', '2017-07-05 06:38:02', '2017-07-05 06:38:02'),
(7, 'Ed Miller', 'data4ceos07102017@gmail.com', 'We are offering our 13 Million U.S. BUSINESS Database for only $299 - limited time only.\r\nThis is our 2017 Edition and is available for 72 hours!\r\n\r\nBuy this database and download it instantly here: http://bit.do/dnYmW\r\n\r\nThis list includes \r\n\r\n> Business Name\r\n> Contact\r\n> Address\r\n> Phone\r\n> Fax\r\n> E-mail\r\n> Address\r\n> SIC\r\n\r\nPurchase This Database and Download Your File Instantly here: \r\nhttp://bit.do/dnYmW\r\n\r\nVisit our website for a FREE sample: http://bit.do/dnYmW\r\n\r\nCheers,\r\n\r\n--\r\nEdward Miller | Database Specialist\r\nMass Marketing, Inc.\r\nDirect Toll : 1 (888) 406-8880 Ext 303\r\nSkype: massmarketing1\r\nhttp://bit.do/dnYmW\r\n\r\n\r\n\r\nTo Stop future offers - go here:\r\nhttp://www.optout.ga/index.html#url=http://www.eltalhyofficial.com', '2017-07-10 08:17:53', '2017-07-10 08:17:53'),
(8, 'صانعة السرور', 'sani3at23sorour@gmail.com', 'السلام عليكم سيدنا وابن سيدنا جاهيتك بجاهي جدك صلى الله عليه وسلم اعني اعانك الله,انا امرءة بلغت من الكبر عتيا,قصمني المكر وكسرني الغدر ويوشك الظلم ا ن يقتلني,لا اطيل حلمي ان اتم حفظ القران وان احفظه بالروايات,والاكبر منه حلمي مند الصغر ان اسلك طريق العارفين والسائرين,هدي احلامي لكني مقيدة باغلال الهموم ولا يمكنني الخروج بالدعاء فتح الله لي باب النت واريد ان اجعله طريق لاحلمي سيدي قالوا العلماء ادا صدق المريد وجد الشيخ عند الباب,وقالوا ايضا من لا شيخ له فالشيطان شيخه يا سيدي ياعترة النبي اتوسل اليك دلني الى الله عرفني طريق ربي او دلني على عارفة عابدة تدلني على الله ,ارسلت للعديد من الشيوخ والداعيات لكن لا اجابة سيدي انا عطشى الى ربي والى سيدي حلو الكلام حبيبي محمد صلى الله عليه وسلم ,بجاهي جدكم اغيثوني احب هدا المسلك,لتعلم صدقي سيدي سجلت في مقرءة الحرم المدني للقران والسنة انتظر ردهم ,ياترى هل تقرء رسالتي وتلبى رجوتي,اللهم ان كنت تعلم مني الصدق يسرلي طريق السير اليك', '2018-01-03 14:35:41', '2018-01-03 14:35:41');

-- --------------------------------------------------------

--
-- Table structure for table `mentors`
--

CREATE TABLE `mentors` (
  `id` bigint(20) UNSIGNED NOT NULL,
  `name` varchar(128) COLLATE utf8mb4_unicode_ci NOT NULL,
  `image` varchar(256) COLLATE utf8mb4_unicode_ci NOT NULL,
  `created_at` timestamp NULL DEFAULT NULL,
  `updated_at` timestamp NULL DEFAULT NULL
) ENGINE=InnoDB DEFAULT CHARSET=utf8mb4 COLLATE=utf8mb4_unicode_ci;

-- --------------------------------------------------------

--
-- Table structure for table `messages`
--

CREATE TABLE `messages` (
  `id` int(10) UNSIGNED NOT NULL,
  `title` varchar(255) COLLATE utf8mb4_unicode_ci NOT NULL,
  `message` text COLLATE utf8mb4_unicode_ci NOT NULL,
  `created_at` timestamp NULL DEFAULT NULL,
  `updated_at` timestamp NULL DEFAULT NULL
) ENGINE=InnoDB DEFAULT CHARSET=utf8mb4 COLLATE=utf8mb4_unicode_ci;

--
-- Dumping data for table `messages`
--

INSERT INTO `messages` (`id`, `title`, `message`, `created_at`, `updated_at`) VALUES
(4, 'وما أبرئ نفسي', 'وما أبرئ نفسي إن النفس لأمارة بالسوء إلا ما رحم ربي إن ربي غفور رحيم(53) سورة يوسف', '2017-04-24 10:21:15', '2017-04-24 10:28:37');

-- --------------------------------------------------------

--
-- Table structure for table `migrations`
--

CREATE TABLE `migrations` (
  `id` int(10) UNSIGNED NOT NULL,
  `migration` varchar(255) COLLATE utf8mb4_unicode_ci NOT NULL,
  `batch` int(11) NOT NULL
) ENGINE=InnoDB DEFAULT CHARSET=utf8mb4 COLLATE=utf8mb4_unicode_ci;

--
-- Dumping data for table `migrations`
--

INSERT INTO `migrations` (`id`, `migration`, `batch`) VALUES
(33, '2018_04_19_123847_create_abouts_table', 0),
(34, '2018_04_19_123847_create_album_table', 0),
(35, '2018_04_19_123847_create_audio_table', 0),
(36, '2018_04_19_123847_create_book_photos_table', 0),
(37, '2018_04_19_123847_create_books_table', 0),
(38, '2018_04_19_123847_create_categories_table', 0),
(39, '2018_04_19_123847_create_contacts_table', 0),
(40, '2018_04_19_123847_create_messages_table', 0),
(41, '2018_04_19_123847_create_newsletters_table', 0),
(42, '2018_04_19_123847_create_password_resets_table', 0),
(43, '2018_04_19_123847_create_permissions_table', 0),
(44, '2018_04_19_123847_create_photos_table', 0),
(45, '2018_04_19_123847_create_relations_table', 0),
(46, '2018_04_19_123847_create_role_has_permissions_table', 0),
(47, '2018_04_19_123847_create_roles_table', 0),
(48, '2018_04_19_123847_create_scaffoldinterfaces_table', 0),
(49, '2018_04_19_123847_create_sections_table', 0),
(50, '2018_04_19_123847_create_settings_table', 0),
(51, '2018_04_19_123847_create_sliders_table', 0),
(52, '2018_04_19_123847_create_user_has_permissions_table', 0),
(53, '2018_04_19_123847_create_user_has_roles_table', 0),
(54, '2018_04_19_123847_create_users_table', 0),
(55, '2018_04_19_123847_create_videos_table', 0),
(56, '2018_04_19_123850_add_foreign_keys_to_audio_table', 0),
(57, '2018_04_19_123850_add_foreign_keys_to_book_photos_table', 0),
(58, '2018_04_19_123850_add_foreign_keys_to_photos_table', 0),
(59, '2018_04_19_123850_add_foreign_keys_to_relations_table', 0),
(60, '2018_04_19_123850_add_foreign_keys_to_role_has_permissions_table', 0),
(61, '2018_04_19_123850_add_foreign_keys_to_sections_table', 0),
(62, '2018_04_19_123850_add_foreign_keys_to_user_has_permissions_table', 0),
(63, '2018_04_19_123850_add_foreign_keys_to_user_has_roles_table', 0),
(64, '2018_04_19_123850_add_foreign_keys_to_videos_table', 0),
(65, '2020_10_13_111510_add_logo_to_settings', 1),
(66, '2020_10_14_100140_create_mentors_table', 1),
(67, '2020_10_14_113229_insert_mentors_into_mentors', 1),
(68, '2020_10_14_120131_change_photo_path_in_abouts', 1);

-- --------------------------------------------------------

--
-- Table structure for table `newsletters`
--

CREATE TABLE `newsletters` (
  `id` int(10) UNSIGNED NOT NULL,
  `email` varchar(255) COLLATE utf8mb4_unicode_ci NOT NULL,
  `created_at` timestamp NULL DEFAULT NULL,
  `updated_at` timestamp NULL DEFAULT NULL
) ENGINE=InnoDB DEFAULT CHARSET=utf8mb4 COLLATE=utf8mb4_unicode_ci;

--
-- Dumping data for table `newsletters`
--

INSERT INTO `newsletters` (`id`, `email`, `created_at`, `updated_at`) VALUES
(3, 'ahmedfikry78@gmail.com', '2017-04-16 15:42:55', '2017-04-16 15:42:55'),
(4, 'sdfs@fs.com', '2017-04-16 15:52:35', '2017-04-16 15:52:35'),
(5, 'asdas@dasd.com', '2017-04-19 12:39:28', '2017-04-19 12:39:28'),
(6, 'asdasd@asdas.com', '2017-04-19 12:39:41', '2017-04-19 12:39:41'),
(7, 'asdasdas@addd.com', '2017-04-19 12:40:23', '2017-04-19 12:40:23'),
(8, 'sdf@sdaf.com', '2017-04-19 12:41:02', '2017-04-19 12:41:02'),
(9, 'sdff@sadf.com', '2017-04-20 05:42:08', '2017-04-20 05:42:08'),
(10, 'wqewq@21321.com', '2017-04-20 18:38:34', '2017-04-20 18:38:34'),
(11, 'asra21993@gmail.com', '2017-04-20 20:01:27', '2017-04-20 20:01:27'),
(12, 'mohamedzeker@gmail.com', '2017-04-21 00:49:45', '2017-04-21 00:49:45'),
(16, 'emad@ivas.com.eg', '2017-04-22 07:03:42', '2017-04-22 07:03:42'),
(17, 'ffffatmahmdi75@gmail.coom', '2017-04-22 14:23:10', '2017-04-22 14:23:10'),
(18, 'heba.elsayed2030@yahoo.com', '2017-04-26 19:04:06', '2017-04-26 19:04:06'),
(19, 'heba.elsayed2030@yahoo.com', '2017-04-28 12:14:31', '2017-04-28 12:14:31'),
(20, 'elgelany.group@gmail.com', '2017-05-02 05:06:37', '2017-05-02 05:06:37'),
(21, 'ahmedfikry78@gmaill.cism', '2017-05-02 12:10:49', '2017-05-02 12:10:49'),
(22, 'mangan52@msn.com', '2017-05-10 09:35:13', '2017-05-10 09:35:13'),
(23, 'clintwkelley@hotmail.com', '2017-05-10 15:29:19', '2017-05-10 15:29:19'),
(24, 'glip@rotman.utoronto.ca', '2017-05-10 18:53:03', '2017-05-10 18:53:03'),
(25, 'mkessle5@optonline.net', '2017-05-10 19:09:50', '2017-05-10 19:09:50'),
(26, 'traneamaro@gmail.com', '2017-05-10 20:43:52', '2017-05-10 20:43:52'),
(27, 'g.chatelus@gmail.com', '2017-05-11 09:45:04', '2017-05-11 09:45:04'),
(28, 'bobgalik@gmail.com', '2017-05-11 13:01:34', '2017-05-11 13:01:34'),
(29, 'raulcorrea83@yahoo.com', '2017-05-11 19:50:10', '2017-05-11 19:50:10'),
(30, 'rosie.craven@att.net', '2017-05-11 21:47:56', '2017-05-11 21:47:56'),
(31, 'proofofperchise@yahoo.com', '2017-05-12 10:32:39', '2017-05-12 10:32:39'),
(32, 'malk2011@wael.com', '2017-05-13 19:44:46', '2017-05-13 19:44:46'),
(33, 'dvk.kaz@gmail.com', '2017-05-13 21:48:22', '2017-05-13 21:48:22'),
(34, 'ebau21@gmail.com', '2017-05-14 12:45:26', '2017-05-14 12:45:26'),
(35, 'abad17@cox.net', '2017-05-14 23:00:16', '2017-05-14 23:00:16'),
(36, 'fullx73@yahoo.com', '2017-05-15 05:18:26', '2017-05-15 05:18:26'),
(37, 'michaelwallz@yahoo.com', '2017-05-15 10:31:03', '2017-05-15 10:31:03'),
(38, 'bjmoses5@gmail.com', '2017-05-15 17:33:53', '2017-05-15 17:33:53'),
(39, 'warmachine6538@yahoo.com', '2017-05-15 19:39:39', '2017-05-15 19:39:39'),
(40, 'bobdav3@gmail.com', '2017-05-15 23:54:12', '2017-05-15 23:54:12'),
(41, 'tristan.castle15@yahoo.com', '2017-05-16 05:47:48', '2017-05-16 05:47:48'),
(42, 'tristan.castle15@yahoo.com', '2017-05-16 06:23:05', '2017-05-16 06:23:05'),
(43, 'candy12553@yahoo.com', '2017-05-16 08:04:54', '2017-05-16 08:04:54'),
(44, 'alessandrasenatore@gmail.com', '2017-05-16 12:34:19', '2017-05-16 12:34:19'),
(45, 'baruchi@campusasp.com', '2017-05-16 14:34:20', '2017-05-16 14:34:20'),
(46, 'mmelaine7@yahoo.com', '2017-05-16 18:19:32', '2017-05-16 18:19:32'),
(47, 'acehauling@gmail.com', '2017-05-16 18:26:47', '2017-05-16 18:26:47'),
(48, 'aldrebskaya@gmail.com', '2017-05-16 18:34:40', '2017-05-16 18:34:40'),
(49, 'charwren@optonline.net', '2017-05-16 22:32:05', '2017-05-16 22:32:05'),
(50, 'tsoong@vegeusa.com', '2017-05-17 05:48:39', '2017-05-17 05:48:39'),
(51, 'vakay30@gmail.com', '2017-05-17 06:32:00', '2017-05-17 06:32:00'),
(52, 'beatricebosquez@yahoo.com', '2017-05-17 22:17:26', '2017-05-17 22:17:26'),
(53, 'rebirthrenewal@yahoo.com', '2017-05-18 11:12:53', '2017-05-18 11:12:53'),
(54, 'jeffmparsons@yahoo.com', '2017-05-19 13:29:39', '2017-05-19 13:29:39'),
(55, 'stin18x@yahoo.com', '2017-05-20 21:12:06', '2017-05-20 21:12:06'),
(56, 'go2cong@yahoo.com', '2017-05-21 18:24:49', '2017-05-21 18:24:49'),
(57, 'jamieb77_2000@yahoo.com', '2017-05-22 13:08:30', '2017-05-22 13:08:30'),
(58, 'paul.chahine.11@gmail.com', '2017-05-23 06:18:03', '2017-05-23 06:18:03'),
(59, 'zipwyp@yahoo.com', '2017-05-23 07:53:07', '2017-05-23 07:53:07'),
(60, 'ros_alexandher@yahoo.com', '2017-05-23 16:02:14', '2017-05-23 16:02:14'),
(61, 'jamieb77_2000@yahoo.com', '2017-05-23 22:05:55', '2017-05-23 22:05:55'),
(62, 'amer_alanezi@yahoo.com', '2017-05-26 17:42:36', '2017-05-26 17:42:36'),
(63, 'tubacca123@gmail.com', '2017-05-29 09:38:05', '2017-05-29 09:38:05'),
(64, 'jeffmparsons@yahoo.com', '2017-05-29 16:18:10', '2017-05-29 16:18:10'),
(65, 'bdour_tarek@yahoo.com', '2017-05-30 17:41:13', '2017-05-30 17:41:13'),
(66, 'seanlin2008@yahoo.com', '2017-05-30 18:35:07', '2017-05-30 18:35:07'),
(67, 'cwhitcher69@gmail.com', '2017-05-31 01:19:03', '2017-05-31 01:19:03'),
(68, 'dkduke57@gmail.com', '2017-05-31 02:35:18', '2017-05-31 02:35:18'),
(69, 'sshillingmd@yahoo.com', '2017-06-01 07:41:59', '2017-06-01 07:41:59'),
(70, 'ahmedfef@fek.com', '2017-06-12 09:48:32', '2017-06-12 09:48:32'),
(71, 'ahmedfekryaaa@asd.com', '2017-06-12 09:50:41', '2017-06-12 09:50:41'),
(72, 'asd@asd.com', '2017-06-12 09:52:32', '2017-06-12 09:52:32'),
(73, 'emad@ivas.com.eg', '2017-06-13 10:57:43', '2017-06-13 10:57:43'),
(74, 'emad@ivas.com.eg', '2017-06-13 10:57:50', '2017-06-13 10:57:50'),
(75, 'emad@ivas.com.eg', '2017-06-13 10:58:03', '2017-06-13 10:58:03'),
(76, 'emad@ivas.com.eg', '2017-06-13 10:58:23', '2017-06-13 10:58:23'),
(77, 'ahmedfikry78@gmaill.cim', '2017-06-13 11:04:08', '2017-06-13 11:04:08'),
(78, 'sdfff@asd.com', '2017-06-13 11:04:38', '2017-06-13 11:04:38'),
(79, 'midosaima@yahoo.com', '2017-07-30 03:37:41', '2017-07-30 03:37:41'),
(80, 'suzan.ahmad.h@gmail.com', '2017-12-31 10:10:21', '2017-12-31 10:10:21'),
(81, 'badeerdada@gmail.com', '2018-01-05 14:50:02', '2018-01-05 14:50:02'),
(82, 'rabeakhaled6@gmail.com', '2018-01-08 11:30:46', '2018-01-08 11:30:46'),
(83, 'Syriamaheer@gmail.com', '2018-02-17 17:58:57', '2018-02-17 17:58:57'),
(84, 'amieraelbarouduy@gmai.com', '2018-02-20 20:59:09', '2018-02-20 20:59:09'),
(85, 'mahmoud.ahmed.info@gmail.com', '2018-04-10 14:21:13', '2018-04-10 14:21:13');

-- --------------------------------------------------------

--
-- Table structure for table `password_resets`
--

CREATE TABLE `password_resets` (
  `email` varchar(255) COLLATE utf8mb4_unicode_ci NOT NULL,
  `token` varchar(255) COLLATE utf8mb4_unicode_ci NOT NULL,
  `created_at` timestamp NOT NULL DEFAULT current_timestamp()
) ENGINE=InnoDB DEFAULT CHARSET=utf8mb4 COLLATE=utf8mb4_unicode_ci;

-- --------------------------------------------------------

--
-- Table structure for table `permissions`
--

CREATE TABLE `permissions` (
  `id` int(10) UNSIGNED NOT NULL,
  `name` varchar(255) COLLATE utf8mb4_unicode_ci NOT NULL,
  `created_at` timestamp NULL DEFAULT NULL,
  `updated_at` timestamp NULL DEFAULT NULL
) ENGINE=InnoDB DEFAULT CHARSET=utf8mb4 COLLATE=utf8mb4_unicode_ci;

-- --------------------------------------------------------

--
-- Table structure for table `photos`
--

CREATE TABLE `photos` (
  `id` int(10) UNSIGNED NOT NULL,
  `title` varchar(255) COLLATE utf8mb4_unicode_ci NOT NULL,
  `photo_path` varchar(255) COLLATE utf8mb4_unicode_ci NOT NULL,
  `category_id` int(10) UNSIGNED DEFAULT NULL,
  `created_at` timestamp NULL DEFAULT NULL,
  `updated_at` timestamp NULL DEFAULT NULL
) ENGINE=InnoDB DEFAULT CHARSET=utf8mb4 COLLATE=utf8mb4_unicode_ci;

--
-- Dumping data for table `photos`
--

INSERT INTO `photos` (`id`, `title`, `photo_path`, `category_id`, `created_at`, `updated_at`) VALUES
(5, 'رحله الى روسيا', 'uploads/photo\\1492011873_IMG_7628.JPG', 6, '2017-04-12 13:44:33', '2017-04-12 13:44:33'),
(33, 'المدينة المنورة', 'uploads/photo/1492697369_01.jpg', 6, '2017-04-20 12:09:29', '2017-04-20 12:09:29'),
(36, 'روسيا', 'uploads/photo/1492697438_02.jpg', 6, '2017-04-20 12:10:38', '2017-04-20 12:10:38'),
(37, '', 'uploads/photo/1492697461_01.jpg', 9, '2017-04-20 12:11:01', '2017-04-20 12:11:01'),
(38, '', 'uploads/photo/1492697476_02.jpg', 9, '2017-04-20 12:11:16', '2017-04-20 12:11:16'),
(39, '', 'uploads/photo/1492697490_03.jpg', 9, '2017-04-20 12:11:30', '2017-04-20 12:11:30'),
(40, '', 'uploads/photo/1492697514_04.jpg', 9, '2017-04-20 12:11:54', '2017-04-20 12:11:54'),
(41, '', 'uploads/photo/1492697543_05.jpg', 9, '2017-04-20 12:12:23', '2017-04-20 12:12:23'),
(42, '', 'uploads/photo/1492697558_07.jpg', 9, '2017-04-20 12:12:38', '2017-04-20 12:12:38'),
(43, '', 'uploads/photo/1492697576_08.jpg', 9, '2017-04-20 12:12:56', '2017-04-20 12:12:56'),
(44, '', 'uploads/photo/1492697591_09.jpg', 9, '2017-04-20 12:13:11', '2017-04-20 12:13:11'),
(45, '', 'uploads/photo/1492697612_10.jpg', 9, '2017-04-20 12:13:32', '2017-04-20 12:13:32'),
(46, '', 'uploads/photo/1492697629_11.jpg', 9, '2017-04-20 12:13:49', '2017-04-20 12:13:49'),
(47, '', 'uploads/photo/1492697657_12.jpg', 9, '2017-04-20 12:14:17', '2017-04-20 12:14:17'),
(48, '', 'uploads/photo/1492697668_14.jpg', 9, '2017-04-20 12:14:28', '2017-04-20 12:14:28'),
(49, '', 'uploads/photo/1492697684_15.jpg', 9, '2017-04-20 12:14:44', '2017-04-20 12:14:44'),
(50, '', 'uploads/photo/1492697698_16.jpg', 9, '2017-04-20 12:14:58', '2017-04-20 12:14:58'),
(51, '', 'uploads/photo/1492697711_17.jpg', 9, '2017-04-20 12:15:11', '2017-04-20 12:15:11'),
(52, '', 'uploads/photo/1492697723_19.jpg', 9, '2017-04-20 12:15:23', '2017-04-20 12:15:23'),
(53, '', 'uploads/photo/1492697736_22.jpg', 9, '2017-04-20 12:15:36', '2017-04-20 12:15:36'),
(54, '', 'uploads/photo/1492697747_23.jpg', 9, '2017-04-20 12:15:47', '2017-04-20 12:15:47'),
(55, '', 'uploads/photo/1492697763_27.jpg', 9, '2017-04-20 12:16:03', '2017-04-20 12:16:03'),
(56, '', 'uploads/photo/1492697777_28.jpg', 9, '2017-04-20 12:16:17', '2017-04-20 12:16:17'),
(57, '', 'uploads/photo/1492697793_32.jpg', 9, '2017-04-20 12:16:33', '2017-04-20 12:16:33'),
(58, '', 'uploads/photo/1492697809_33.jpg', 9, '2017-04-20 12:16:49', '2017-04-20 12:16:49'),
(59, '', 'uploads/photo/1492698056_34.jpg', 9, '2017-04-20 12:20:56', '2017-04-20 12:20:56'),
(60, '', 'uploads/photo/1492698072_35.jpg', 9, '2017-04-20 12:21:12', '2017-04-20 12:21:12'),
(61, '', 'uploads/photo/1492698086_37.jpg', 9, '2017-04-20 12:21:26', '2017-04-20 12:21:26'),
(62, '', 'uploads/photo/1492698100_38.jpg', 9, '2017-04-20 12:21:40', '2017-04-20 12:21:40'),
(63, '', 'uploads/photo/1492698111_39.jpg', 9, '2017-04-20 12:21:51', '2017-04-20 12:21:51'),
(64, '', 'uploads/photo/1492698132_40.jpg', 9, '2017-04-20 12:22:12', '2017-04-20 12:22:12'),
(65, '', 'uploads/photo/1492698144_41.jpg', 9, '2017-04-20 12:22:24', '2017-04-20 12:22:24'),
(66, '', 'uploads/photo/1492698337_01.jpg', 5, '2017-04-20 12:25:37', '2017-04-20 12:25:37'),
(67, '', 'uploads/photo/1492698349_08.jpg', 5, '2017-04-20 12:25:49', '2017-04-20 12:25:49'),
(68, '', 'uploads/photo/1492698360_09.jpg', 5, '2017-04-20 12:26:00', '2017-04-20 12:26:00'),
(69, '', 'uploads/photo/1492698372_19.jpg', 5, '2017-04-20 12:26:12', '2017-04-20 12:26:12'),
(70, '', 'uploads/photo/1492698385_20.jpg', 5, '2017-04-20 12:26:25', '2017-04-20 12:26:25'),
(71, '', 'uploads/photo/1492698416_22.jpg', 5, '2017-04-20 12:26:56', '2017-04-20 12:26:56'),
(72, '', 'uploads/photo/1492698428_24.jpg', 5, '2017-04-20 12:27:08', '2017-04-20 12:27:08'),
(73, '', 'uploads/photo/1492698478_29.jpg', 5, '2017-04-20 12:27:58', '2017-04-20 12:27:58'),
(74, '', 'uploads/photo/1492698492_31.jpg', 5, '2017-04-20 12:28:12', '2017-04-20 12:28:12'),
(76, '', 'uploads/photo/1492698567_48.jpg', 5, '2017-04-20 12:29:27', '2017-04-20 12:29:27'),
(77, '', 'uploads/photo/1492698580_49.jpg', 5, '2017-04-20 12:29:40', '2017-04-20 12:29:40'),
(78, '', 'uploads/photo/1492698594_53.jpg', 5, '2017-04-20 12:29:54', '2017-04-20 12:29:54'),
(80, '', 'uploads/photo/1492698622_78.jpg', 5, '2017-04-20 12:30:22', '2017-04-20 12:30:22'),
(81, '', 'uploads/photo/1492698670_83.jpg', 5, '2017-04-20 12:31:10', '2017-04-20 12:31:10'),
(82, '', 'uploads/photo/1492698685_86.jpg', 5, '2017-04-20 12:31:25', '2017-04-20 12:31:25'),
(83, '', 'uploads/photo/1492698702_87.jpg', 5, '2017-04-20 12:31:42', '2017-04-20 12:31:42'),
(84, '', 'uploads/photo/1492698717_89.jpg', 5, '2017-04-20 12:31:57', '2017-04-20 12:31:57'),
(85, '', 'uploads/photo/1492698751_95.jpg', 5, '2017-04-20 12:32:31', '2017-04-20 12:32:31'),
(86, '', 'uploads/photo/1492698761_96.jpg', 5, '2017-04-20 12:32:41', '2017-04-20 12:32:41'),
(87, '', 'uploads/photo/1492698774_98.jpg', 5, '2017-04-20 12:32:54', '2017-04-20 12:32:54'),
(88, '', 'uploads/photo/1492698935_02.jpg', 7, '2017-04-20 12:35:35', '2017-04-20 12:35:35');

-- --------------------------------------------------------

--
-- Table structure for table `relations`
--

CREATE TABLE `relations` (
  `id` int(10) UNSIGNED NOT NULL,
  `scaffoldinterface_id` int(10) UNSIGNED NOT NULL,
  `to` varchar(255) COLLATE utf8mb4_unicode_ci NOT NULL,
  `having` varchar(255) COLLATE utf8mb4_unicode_ci NOT NULL,
  `created_at` timestamp NULL DEFAULT NULL,
  `updated_at` timestamp NULL DEFAULT NULL
) ENGINE=InnoDB DEFAULT CHARSET=utf8mb4 COLLATE=utf8mb4_unicode_ci;

--
-- Dumping data for table `relations`
--

INSERT INTO `relations` (`id`, `scaffoldinterface_id`, `to`, `having`, `created_at`, `updated_at`) VALUES
(1, 2, '1', 'OneToMany', '2017-04-10 07:08:37', '2017-04-10 07:08:37'),
(2, 3, '1', 'OneToMany', '2017-04-10 07:09:56', '2017-04-10 07:09:56'),
(3, 10, '9', 'OneToMany', '2017-04-10 07:28:10', '2017-04-10 07:28:10');

-- --------------------------------------------------------

--
-- Table structure for table `roles`
--

CREATE TABLE `roles` (
  `id` int(10) UNSIGNED NOT NULL,
  `name` varchar(255) COLLATE utf8mb4_unicode_ci NOT NULL,
  `created_at` timestamp NULL DEFAULT NULL,
  `updated_at` timestamp NULL DEFAULT NULL
) ENGINE=InnoDB DEFAULT CHARSET=utf8mb4 COLLATE=utf8mb4_unicode_ci;

-- --------------------------------------------------------

--
-- Table structure for table `role_has_permissions`
--

CREATE TABLE `role_has_permissions` (
  `permission_id` int(10) UNSIGNED NOT NULL,
  `role_id` int(10) UNSIGNED NOT NULL
) ENGINE=InnoDB DEFAULT CHARSET=utf8mb4 COLLATE=utf8mb4_unicode_ci;

-- --------------------------------------------------------

--
-- Table structure for table `scaffoldinterfaces`
--

CREATE TABLE `scaffoldinterfaces` (
  `id` int(10) UNSIGNED NOT NULL,
  `package` varchar(255) COLLATE utf8mb4_unicode_ci NOT NULL,
  `migration` varchar(255) COLLATE utf8mb4_unicode_ci NOT NULL,
  `model` varchar(255) COLLATE utf8mb4_unicode_ci NOT NULL,
  `controller` varchar(255) COLLATE utf8mb4_unicode_ci NOT NULL,
  `views` varchar(255) COLLATE utf8mb4_unicode_ci NOT NULL,
  `tablename` varchar(255) COLLATE utf8mb4_unicode_ci NOT NULL,
  `created_at` timestamp NULL DEFAULT NULL,
  `updated_at` timestamp NULL DEFAULT NULL
) ENGINE=InnoDB DEFAULT CHARSET=utf8mb4 COLLATE=utf8mb4_unicode_ci;

--
-- Dumping data for table `scaffoldinterfaces`
--

INSERT INTO `scaffoldinterfaces` (`id`, `package`, `migration`, `model`, `controller`, `views`, `tablename`, `created_at`, `updated_at`) VALUES
(1, 'Laravel', 'C:\\xampp\\htdocs\\blog11\\database/migrations/2017_04_10_090738_categories.php', 'C:\\xampp\\htdocs\\blog11\\app/Category.php', 'C:\\xampp\\htdocs\\blog11\\app/Http/Controllers/CategoryController.php', 'C:\\xampp\\htdocs\\blog11\\resources/views/category', 'categories', '2017-04-10 07:07:38', '2017-04-10 07:07:38'),
(2, 'Laravel', 'C:\\xampp\\htdocs\\blog11\\database/migrations/2017_04_10_090837_photos.php', 'C:\\xampp\\htdocs\\blog11\\app/Photo.php', 'C:\\xampp\\htdocs\\blog11\\app/Http/Controllers/PhotoController.php', 'C:\\xampp\\htdocs\\blog11\\resources/views/photo', 'photos', '2017-04-10 07:08:37', '2017-04-10 07:08:37'),
(3, 'Laravel', 'C:\\xampp\\htdocs\\blog11\\database/migrations/2017_04_10_090956_videos.php', 'C:\\xampp\\htdocs\\blog11\\app/Video.php', 'C:\\xampp\\htdocs\\blog11\\app/Http/Controllers/VideoController.php', 'C:\\xampp\\htdocs\\blog11\\resources/views/video', 'videos', '2017-04-10 07:09:56', '2017-04-10 07:09:56'),
(4, 'Laravel', 'C:\\xampp\\htdocs\\blog11\\database/migrations/2017_04_10_091041_newsletters.php', 'C:\\xampp\\htdocs\\blog11\\app/Newsletter.php', 'C:\\xampp\\htdocs\\blog11\\app/Http/Controllers/NewsletterController.php', 'C:\\xampp\\htdocs\\blog11\\resources/views/newsletter', 'newsletters', '2017-04-10 07:10:41', '2017-04-10 07:10:41'),
(5, 'Laravel', 'C:\\xampp\\htdocs\\blog11\\database/migrations/2017_04_10_091200_contacts.php', 'C:\\xampp\\htdocs\\blog11\\app/Contact.php', 'C:\\xampp\\htdocs\\blog11\\app/Http/Controllers/ContactController.php', 'C:\\xampp\\htdocs\\blog11\\resources/views/contact', 'contacts', '2017-04-10 07:12:00', '2017-04-10 07:12:00'),
(6, 'Laravel', 'C:\\xampp\\htdocs\\blog11\\database/migrations/2017_04_10_091238_settings.php', 'C:\\xampp\\htdocs\\blog11\\app/Setting.php', 'C:\\xampp\\htdocs\\blog11\\app/Http/Controllers/SettingController.php', 'C:\\xampp\\htdocs\\blog11\\resources/views/setting', 'settings', '2017-04-10 07:12:38', '2017-04-10 07:12:38'),
(7, 'Laravel', 'C:\\xampp\\htdocs\\blog11\\database/migrations/2017_04_10_092235_audio.php', 'C:\\xampp\\htdocs\\blog11\\app/Audio.php', 'C:\\xampp\\htdocs\\blog11\\app/Http/Controllers/AudioController.php', 'C:\\xampp\\htdocs\\blog11\\resources/views/audio', 'audio', '2017-04-10 07:22:36', '2017-04-10 07:22:36'),
(8, 'Laravel', 'C:\\xampp\\htdocs\\blog11\\database/migrations/2017_04_10_092523_sliders.php', 'C:\\xampp\\htdocs\\blog11\\app/Slider.php', 'C:\\xampp\\htdocs\\blog11\\app/Http/Controllers/SliderController.php', 'C:\\xampp\\htdocs\\blog11\\resources/views/slider', 'sliders', '2017-04-10 07:25:24', '2017-04-10 07:25:24'),
(9, 'Laravel', 'C:\\xampp\\htdocs\\blog11\\database/migrations/2017_04_10_092652_books.php', 'C:\\xampp\\htdocs\\blog11\\app/Book.php', 'C:\\xampp\\htdocs\\blog11\\app/Http/Controllers/BookController.php', 'C:\\xampp\\htdocs\\blog11\\resources/views/book', 'books', '2017-04-10 07:26:53', '2017-04-10 07:26:53'),
(10, 'Laravel', 'C:\\xampp\\htdocs\\blog11\\database/migrations/2017_04_10_092810_sections.php', 'C:\\xampp\\htdocs\\blog11\\app/Section.php', 'C:\\xampp\\htdocs\\blog11\\app/Http/Controllers/SectionController.php', 'C:\\xampp\\htdocs\\blog11\\resources/views/section', 'sections', '2017-04-10 07:28:10', '2017-04-10 07:28:10');

-- --------------------------------------------------------

--
-- Table structure for table `sections`
--

CREATE TABLE `sections` (
  `id` int(10) UNSIGNED NOT NULL,
  `title` varchar(255) COLLATE utf8mb4_unicode_ci NOT NULL,
  `page_number` varchar(255) COLLATE utf8mb4_unicode_ci NOT NULL,
  `book_id` int(10) UNSIGNED DEFAULT NULL,
  `created_at` timestamp NULL DEFAULT NULL,
  `updated_at` timestamp NULL DEFAULT NULL
) ENGINE=InnoDB DEFAULT CHARSET=utf8mb4 COLLATE=utf8mb4_unicode_ci;

--
-- Dumping data for table `sections`
--

INSERT INTO `sections` (`id`, `title`, `page_number`, `book_id`, `created_at`, `updated_at`) VALUES
(1, 'الطهارة وأقسامها', '1', 1, '2020-10-20 08:38:47', '2020-10-20 08:38:47'),
(2, 'omar', '2', 1, '2020-10-20 08:38:47', '2020-10-20 08:38:47'),
(4, 'الطهارة وأقسامها', '1', 3, '2020-10-20 11:08:15', '2020-10-20 11:08:15'),
(5, 'الطهارة وأقسامها', '1', 4, '2020-10-20 11:08:59', '2020-10-20 11:08:59'),
(6, 'الطهارة وأقسامها', '1', 5, '2020-10-20 11:16:19', '2020-10-20 11:16:19');

-- --------------------------------------------------------

--
-- Table structure for table `settings`
--

CREATE TABLE `settings` (
  `id` int(10) UNSIGNED NOT NULL,
  `key` varchar(255) COLLATE utf8mb4_unicode_ci NOT NULL,
  `value` text COLLATE utf8mb4_unicode_ci NOT NULL,
  `created_at` timestamp NULL DEFAULT NULL,
  `updated_at` timestamp NULL DEFAULT NULL
) ENGINE=InnoDB DEFAULT CHARSET=utf8mb4 COLLATE=utf8mb4_unicode_ci;

--
-- Dumping data for table `settings`
--

INSERT INTO `settings` (`id`, `key`, `value`, `created_at`, `updated_at`) VALUES
(3, 'facebook_link', 'http://www.facebook.com/ElTalhyOfficial', '2017-04-16 15:56:22', '2017-04-22 07:58:22'),
(4, 'youtube_link', 'http://www.youtube.com/channel/UC28v97ukG58n0QgHdfSu-Hg', '2017-04-16 15:56:43', '2017-04-20 06:50:03'),
(5, 'instagram_link', 'http://www.instagram.com/ElTalhyOfficial', '2017-04-16 15:57:00', '2017-04-20 06:50:07'),
(6, 'twitter_link', 'http://www.twitter.com/ElTalhyOfficial', '2017-04-16 15:57:45', '2017-04-20 06:50:13'),
(7, 'telegram_link', '#', '2017-04-16 15:58:09', '2017-04-16 15:58:09'),
(8, 'soundcloud_link', 'http://www.soundcloud.com/ElTalhyOfficial', '2017-04-16 15:58:24', '2017-04-20 06:50:18'),
(9, 'website_logo', 'img/lg.png', NULL, NULL);

-- --------------------------------------------------------

--
-- Table structure for table `sliders`
--

CREATE TABLE `sliders` (
  `id` int(10) UNSIGNED NOT NULL,
  `title` varchar(255) COLLATE utf8mb4_unicode_ci NOT NULL,
  `description` text COLLATE utf8mb4_unicode_ci NOT NULL,
  `link` varchar(255) COLLATE utf8mb4_unicode_ci NOT NULL,
  `photo_path` varchar(255) COLLATE utf8mb4_unicode_ci NOT NULL,
  `created_at` timestamp NULL DEFAULT NULL,
  `updated_at` timestamp NULL DEFAULT NULL
) ENGINE=InnoDB DEFAULT CHARSET=utf8mb4 COLLATE=utf8mb4_unicode_ci;

--
-- Dumping data for table `sliders`
--

INSERT INTO `sliders` (`id`, `title`, `description`, `link`, `photo_path`, `created_at`, `updated_at`) VALUES
(5, 'الموقع الرسمي', 'هو السيّد:  أحمد ابن فوزي بن خليفة الطلحي يرجع نسبه للإمام الحسن المثنى بن الإمام الحسن السبط بن أمير المؤمنين علي بن أبي طالب والسيّدة فاطمة الزهراء ψ بنت سيّدنا محمّد خاتم النبيين ', 'http://www.eltalhyofficial.com/aboutus', 'uploads/slider\\1492464284_slide_3.png', '2017-04-17 19:24:44', '2017-04-22 08:24:01'),
(6, 'مقابلات', 'شاهد مقابلات السيد أحمد الطلحي وبرامجة التلفزيونية.', '#', 'uploads/slider\\1492464472_profile2.png', '2017-04-17 19:27:52', '2017-04-17 19:27:52'),
(7, 'سفير النوايا الحسنة', 'يقول عنه أتباعه ومُحِبُّوه إنه نموذج للشاب الذي نشأ في طاعة الله ومرضاة نبيه، وطالب العلم الذي لا تحول المسافات والعوائق بينه وبين بُغْيَتِه.', '#', 'uploads/slider\\1492464558_slide_3.png', '2017-04-17 19:29:18', '2017-04-17 19:29:18');

-- --------------------------------------------------------

--
-- Table structure for table `users`
--

CREATE TABLE `users` (
  `id` int(10) UNSIGNED NOT NULL,
  `name` varchar(255) COLLATE utf8mb4_unicode_ci NOT NULL,
  `email` varchar(255) COLLATE utf8mb4_unicode_ci NOT NULL,
  `password` varchar(255) COLLATE utf8mb4_unicode_ci NOT NULL,
  `remember_token` varchar(100) COLLATE utf8mb4_unicode_ci DEFAULT NULL,
  `created_at` timestamp NULL DEFAULT NULL,
  `updated_at` timestamp NULL DEFAULT NULL
) ENGINE=InnoDB DEFAULT CHARSET=utf8mb4 COLLATE=utf8mb4_unicode_ci;

--
-- Dumping data for table `users`
--

INSERT INTO `users` (`id`, `name`, `email`, `password`, `remember_token`, `created_at`, `updated_at`) VALUES
(1, 'Admin', 'super_admin@ivas.com', '$2y$10$Gd0UbcOiIpVmX1iTup7GeuS7VtvXeRGjU8saEm6Bb5N1rgdfFIHr.', 'ulPH8Ze62j8JNFx2k0uYJ08diWTE4i8Prio7FX25yfGlF8F9y0LXis8CB4j5', NULL, '2017-07-26 08:56:03');

-- --------------------------------------------------------

--
-- Table structure for table `user_has_permissions`
--

CREATE TABLE `user_has_permissions` (
  `user_id` int(10) UNSIGNED NOT NULL,
  `permission_id` int(10) UNSIGNED NOT NULL
) ENGINE=InnoDB DEFAULT CHARSET=utf8mb4 COLLATE=utf8mb4_unicode_ci;

-- --------------------------------------------------------

--
-- Table structure for table `user_has_roles`
--

CREATE TABLE `user_has_roles` (
  `role_id` int(10) UNSIGNED NOT NULL,
  `user_id` int(10) UNSIGNED NOT NULL
) ENGINE=InnoDB DEFAULT CHARSET=utf8mb4 COLLATE=utf8mb4_unicode_ci;

-- --------------------------------------------------------

--
-- Table structure for table `videos`
--

CREATE TABLE `videos` (
  `id` int(10) UNSIGNED NOT NULL,
  `title` varchar(255) COLLATE utf8mb4_unicode_ci NOT NULL,
  `youtube_link` varchar(255) COLLATE utf8mb4_unicode_ci NOT NULL,
  `description` varchar(255) COLLATE utf8mb4_unicode_ci NOT NULL,
  `category_id` int(10) UNSIGNED DEFAULT NULL,
  `created_at` timestamp NULL DEFAULT NULL,
  `updated_at` timestamp NULL DEFAULT NULL,
  `slug` varchar(255) COLLATE utf8mb4_unicode_ci NOT NULL
) ENGINE=InnoDB DEFAULT CHARSET=utf8mb4 COLLATE=utf8mb4_unicode_ci;

--
-- Dumping data for table `videos`
--

INSERT INTO `videos` (`id`, `title`, `youtube_link`, `description`, `category_id`, `created_at`, `updated_at`, `slug`) VALUES
(7, 'الفاتحة بصوت الداعية الإسلامى السيد أحمد الطلحى', 'https://www.youtube.com/embed/T5O5IMGHIvE?rel=0&amp;controls=0&amp;showinfo=0', 'الفاتحة بصوت الداعية الإسلامى السيد أحمد الطلحى', 7, '2017-04-20 08:44:03', '2017-04-20 12:05:45', 'lfth-bsot-ldaay-lslm-lsyd-ahmd-ltlh');

--
-- Indexes for dumped tables
--

--
-- Indexes for table `abouts`
--
ALTER TABLE `abouts`
  ADD PRIMARY KEY (`id`);

--
-- Indexes for table `album`
--
ALTER TABLE `album`
  ADD PRIMARY KEY (`id`);

--
-- Indexes for table `audio`
--
ALTER TABLE `audio`
  ADD PRIMARY KEY (`id`),
  ADD UNIQUE KEY `title` (`title`),
  ADD KEY `audio_category_id_foreign` (`category_id`),
  ADD KEY `audio_album_id_foreign` (`album_id`);

--
-- Indexes for table `books`
--
ALTER TABLE `books`
  ADD PRIMARY KEY (`id`);

--
-- Indexes for table `book_photos`
--
ALTER TABLE `book_photos`
  ADD PRIMARY KEY (`id`),
  ADD KEY `book_photos_book_id_foreign` (`book_id`);

--
-- Indexes for table `categories`
--
ALTER TABLE `categories`
  ADD PRIMARY KEY (`id`);

--
-- Indexes for table `contacts`
--
ALTER TABLE `contacts`
  ADD PRIMARY KEY (`id`);

--
-- Indexes for table `mentors`
--
ALTER TABLE `mentors`
  ADD PRIMARY KEY (`id`);

--
-- Indexes for table `messages`
--
ALTER TABLE `messages`
  ADD PRIMARY KEY (`id`);

--
-- Indexes for table `migrations`
--
ALTER TABLE `migrations`
  ADD PRIMARY KEY (`id`);

--
-- Indexes for table `newsletters`
--
ALTER TABLE `newsletters`
  ADD PRIMARY KEY (`id`);

--
-- Indexes for table `password_resets`
--
ALTER TABLE `password_resets`
  ADD KEY `password_resets_email_index` (`email`),
  ADD KEY `password_resets_token_index` (`token`);

--
-- Indexes for table `permissions`
--
ALTER TABLE `permissions`
  ADD PRIMARY KEY (`id`),
  ADD UNIQUE KEY `permissions_name_unique` (`name`);

--
-- Indexes for table `photos`
--
ALTER TABLE `photos`
  ADD PRIMARY KEY (`id`),
  ADD KEY `photos_category_id_foreign` (`category_id`);

--
-- Indexes for table `relations`
--
ALTER TABLE `relations`
  ADD PRIMARY KEY (`id`),
  ADD KEY `relations_scaffoldinterface_id_foreign` (`scaffoldinterface_id`);

--
-- Indexes for table `roles`
--
ALTER TABLE `roles`
  ADD PRIMARY KEY (`id`),
  ADD UNIQUE KEY `roles_name_unique` (`name`);

--
-- Indexes for table `role_has_permissions`
--
ALTER TABLE `role_has_permissions`
  ADD PRIMARY KEY (`permission_id`,`role_id`),
  ADD KEY `role_has_permissions_role_id_foreign` (`role_id`);

--
-- Indexes for table `scaffoldinterfaces`
--
ALTER TABLE `scaffoldinterfaces`
  ADD PRIMARY KEY (`id`);

--
-- Indexes for table `sections`
--
ALTER TABLE `sections`
  ADD PRIMARY KEY (`id`),
  ADD KEY `sections_book_id_foreign` (`book_id`);

--
-- Indexes for table `settings`
--
ALTER TABLE `settings`
  ADD PRIMARY KEY (`id`);

--
-- Indexes for table `sliders`
--
ALTER TABLE `sliders`
  ADD PRIMARY KEY (`id`);

--
-- Indexes for table `users`
--
ALTER TABLE `users`
  ADD PRIMARY KEY (`id`),
  ADD UNIQUE KEY `users_email_unique` (`email`);

--
-- Indexes for table `user_has_permissions`
--
ALTER TABLE `user_has_permissions`
  ADD PRIMARY KEY (`user_id`,`permission_id`),
  ADD KEY `user_has_permissions_permission_id_foreign` (`permission_id`);

--
-- Indexes for table `user_has_roles`
--
ALTER TABLE `user_has_roles`
  ADD PRIMARY KEY (`role_id`,`user_id`),
  ADD KEY `user_has_roles_user_id_foreign` (`user_id`);

--
-- Indexes for table `videos`
--
ALTER TABLE `videos`
  ADD PRIMARY KEY (`id`),
  ADD KEY `videos_category_id_foreign` (`category_id`);

--
-- AUTO_INCREMENT for dumped tables
--

--
-- AUTO_INCREMENT for table `abouts`
--
ALTER TABLE `abouts`
  MODIFY `id` int(10) UNSIGNED NOT NULL AUTO_INCREMENT, AUTO_INCREMENT=4;

--
-- AUTO_INCREMENT for table `album`
--
ALTER TABLE `album`
  MODIFY `id` int(10) UNSIGNED NOT NULL AUTO_INCREMENT;

--
-- AUTO_INCREMENT for table `audio`
--
ALTER TABLE `audio`
  MODIFY `id` int(10) UNSIGNED NOT NULL AUTO_INCREMENT;

--
-- AUTO_INCREMENT for table `books`
--
ALTER TABLE `books`
  MODIFY `id` int(10) UNSIGNED NOT NULL AUTO_INCREMENT, AUTO_INCREMENT=6;

--
-- AUTO_INCREMENT for table `book_photos`
--
ALTER TABLE `book_photos`
  MODIFY `id` int(10) UNSIGNED NOT NULL AUTO_INCREMENT, AUTO_INCREMENT=468;

--
-- AUTO_INCREMENT for table `categories`
--
ALTER TABLE `categories`
  MODIFY `id` int(10) UNSIGNED NOT NULL AUTO_INCREMENT, AUTO_INCREMENT=12;

--
-- AUTO_INCREMENT for table `contacts`
--
ALTER TABLE `contacts`
  MODIFY `id` int(10) UNSIGNED NOT NULL AUTO_INCREMENT, AUTO_INCREMENT=9;

--
-- AUTO_INCREMENT for table `mentors`
--
ALTER TABLE `mentors`
  MODIFY `id` bigint(20) UNSIGNED NOT NULL AUTO_INCREMENT;

--
-- AUTO_INCREMENT for table `messages`
--
ALTER TABLE `messages`
  MODIFY `id` int(10) UNSIGNED NOT NULL AUTO_INCREMENT, AUTO_INCREMENT=5;

--
-- AUTO_INCREMENT for table `migrations`
--
ALTER TABLE `migrations`
  MODIFY `id` int(10) UNSIGNED NOT NULL AUTO_INCREMENT, AUTO_INCREMENT=69;

--
-- AUTO_INCREMENT for table `newsletters`
--
ALTER TABLE `newsletters`
  MODIFY `id` int(10) UNSIGNED NOT NULL AUTO_INCREMENT, AUTO_INCREMENT=86;

--
-- AUTO_INCREMENT for table `permissions`
--
ALTER TABLE `permissions`
  MODIFY `id` int(10) UNSIGNED NOT NULL AUTO_INCREMENT;

--
-- AUTO_INCREMENT for table `photos`
--
ALTER TABLE `photos`
  MODIFY `id` int(10) UNSIGNED NOT NULL AUTO_INCREMENT, AUTO_INCREMENT=89;

--
-- AUTO_INCREMENT for table `relations`
--
ALTER TABLE `relations`
  MODIFY `id` int(10) UNSIGNED NOT NULL AUTO_INCREMENT, AUTO_INCREMENT=4;

--
-- AUTO_INCREMENT for table `roles`
--
ALTER TABLE `roles`
  MODIFY `id` int(10) UNSIGNED NOT NULL AUTO_INCREMENT;

--
-- AUTO_INCREMENT for table `scaffoldinterfaces`
--
ALTER TABLE `scaffoldinterfaces`
  MODIFY `id` int(10) UNSIGNED NOT NULL AUTO_INCREMENT, AUTO_INCREMENT=11;

--
-- AUTO_INCREMENT for table `sections`
--
ALTER TABLE `sections`
  MODIFY `id` int(10) UNSIGNED NOT NULL AUTO_INCREMENT, AUTO_INCREMENT=7;

--
-- AUTO_INCREMENT for table `settings`
--
ALTER TABLE `settings`
  MODIFY `id` int(10) UNSIGNED NOT NULL AUTO_INCREMENT, AUTO_INCREMENT=10;

--
-- AUTO_INCREMENT for table `sliders`
--
ALTER TABLE `sliders`
  MODIFY `id` int(10) UNSIGNED NOT NULL AUTO_INCREMENT, AUTO_INCREMENT=8;

--
-- AUTO_INCREMENT for table `users`
--
ALTER TABLE `users`
  MODIFY `id` int(10) UNSIGNED NOT NULL AUTO_INCREMENT, AUTO_INCREMENT=2;

--
-- AUTO_INCREMENT for table `videos`
--
ALTER TABLE `videos`
  MODIFY `id` int(10) UNSIGNED NOT NULL AUTO_INCREMENT, AUTO_INCREMENT=8;

--
-- Constraints for dumped tables
--

--
-- Constraints for table `audio`
--
ALTER TABLE `audio`
  ADD CONSTRAINT `audio_album_id_foreign` FOREIGN KEY (`album_id`) REFERENCES `album` (`id`) ON DELETE CASCADE,
  ADD CONSTRAINT `audio_category_id_foreign` FOREIGN KEY (`category_id`) REFERENCES `categories` (`id`) ON DELETE CASCADE;

--
-- Constraints for table `book_photos`
--
ALTER TABLE `book_photos`
  ADD CONSTRAINT `book_photos_book_id_foreign` FOREIGN KEY (`book_id`) REFERENCES `books` (`id`) ON DELETE CASCADE;

--
-- Constraints for table `photos`
--
ALTER TABLE `photos`
  ADD CONSTRAINT `photos_category_id_foreign` FOREIGN KEY (`category_id`) REFERENCES `categories` (`id`) ON DELETE CASCADE;

--
-- Constraints for table `relations`
--
ALTER TABLE `relations`
  ADD CONSTRAINT `relations_scaffoldinterface_id_foreign` FOREIGN KEY (`scaffoldinterface_id`) REFERENCES `scaffoldinterfaces` (`id`) ON DELETE CASCADE;

--
-- Constraints for table `role_has_permissions`
--
ALTER TABLE `role_has_permissions`
  ADD CONSTRAINT `role_has_permissions_permission_id_foreign` FOREIGN KEY (`permission_id`) REFERENCES `permissions` (`id`) ON DELETE CASCADE,
  ADD CONSTRAINT `role_has_permissions_role_id_foreign` FOREIGN KEY (`role_id`) REFERENCES `roles` (`id`) ON DELETE CASCADE;

--
-- Constraints for table `sections`
--
ALTER TABLE `sections`
  ADD CONSTRAINT `sections_book_id_foreign` FOREIGN KEY (`book_id`) REFERENCES `books` (`id`) ON DELETE CASCADE;

--
-- Constraints for table `user_has_permissions`
--
ALTER TABLE `user_has_permissions`
  ADD CONSTRAINT `user_has_permissions_permission_id_foreign` FOREIGN KEY (`permission_id`) REFERENCES `permissions` (`id`) ON DELETE CASCADE,
  ADD CONSTRAINT `user_has_permissions_user_id_foreign` FOREIGN KEY (`user_id`) REFERENCES `users` (`id`) ON DELETE CASCADE;

--
-- Constraints for table `user_has_roles`
--
ALTER TABLE `user_has_roles`
  ADD CONSTRAINT `user_has_roles_role_id_foreign` FOREIGN KEY (`role_id`) REFERENCES `roles` (`id`) ON DELETE CASCADE,
  ADD CONSTRAINT `user_has_roles_user_id_foreign` FOREIGN KEY (`user_id`) REFERENCES `users` (`id`) ON DELETE CASCADE;

--
-- Constraints for table `videos`
--
ALTER TABLE `videos`
  ADD CONSTRAINT `videos_category_id_foreign` FOREIGN KEY (`category_id`) REFERENCES `categories` (`id`) ON DELETE CASCADE;
COMMIT;

/*!40101 SET CHARACTER_SET_CLIENT=@OLD_CHARACTER_SET_CLIENT */;
/*!40101 SET CHARACTER_SET_RESULTS=@OLD_CHARACTER_SET_RESULTS */;
/*!40101 SET COLLATION_CONNECTION=@OLD_COLLATION_CONNECTION */;
